left_cardinality,left_estimation,absolute_difference,relative_difference
3,2,1,0.3333333333333333
1,1,0,0.0
1,1,0,0.0
5,4,1,0.2
3,2,1,0.3333333333333333
1,0,1,1.0
0,0,0,0
0,0,0,0
0,0,0,0
0,0,0,0
6,5,1,0.16666666666666666
1,1,0,0.0
0,0,0,0
0,0,0,0
3,3,0,0.0
0,0,0,0
6,6,0,0.0
5,4,1,0.2
1,1,0,0.0
0,0,0,0
1,1,0,0.0
1,1,0,0.0
6,5,1,0.16666666666666666
0,0,0,0
0,0,0,0
0,0,0,0
0,0,0,0
6,6,0,0.0
0,0,0,0
3,0,3,1.0
3,3,0,0.0
0,0,0,0
0,0,0,0
0,0,0,0
4,4,0,0.0
1,1,0,0.0
1,0,1,1.0
0,0,0,0
0,0,0,0
7,6,1,0.14285714285714285
3,3,0,0.0
0,0,0,0
2,0,2,1.0
0,0,0,0
2,2,0,0.0
0,0,0,0
0,0,0,0
3,3,0,0.0
0,0,0,0
0,0,0,0
0,0,0,0
4,2,2,0.5
4,4,0,0.0
0,0,0,0
0,0,0,0
0,0,0,0
0,0,0,0
1,0,1,1.0
0,0,0,0
0,0,0,0
0,0,0,0
0,0,0,0
0,0,0,0
0,0,0,0
0,0,0,0
0,0,0,0
4,3,1,0.25
1,0,1,1.0
0,0,0,0
0,0,0,0
0,0,0,0
0,0,0,0
6,5,1,0.16666666666666666
2,2,0,0.0
1,1,0,0.0
2,1,1,0.5
0,0,0,0
2,2,0,0.0
1,1,0,0.0
0,0,0,0
4,4,0,0.0
0,0,0,0
4,4,0,0.0
0,0,0,0
0,0,0,0
0,0,0,0
3,3,0,0.0
3,3,0,0.0
4,4,0,0.0
0,0,0,0
0,0,0,0
5,5,0,0.0
5,3,2,0.4
1,1,0,0.0
0,0,0,0
0,0,0,0
0,0,0,0
2,2,0,0.0
0,0,0,0
4,2,2,0.5
1,1,0,0.0
0,0,0,0
1,1,0,0.0
0,0,0,0
0,0,0,0
6,5,1,0.16666666666666666
1,1,0,0.0
7,7,0,0.0
1,1,0,0.0
0,0,0,0
4,1,3,0.75
7,7,0,0.0
0,0,0,0
0,0,0,0
0,0,0,0
7,7,0,0.0
1,0,1,1.0
0,0,0,0
1,1,0,0.0
4,4,0,0.0
1,1,0,0.0
2,1,1,0.5
1,1,0,0.0
0,0,0,0
0,0,0,0
2,1,1,0.5
0,0,0,0
0,0,0,0
3,3,0,0.0
1,1,0,0.0
2,2,0,0.0
4,4,0,0.0
1,1,0,0.0
0,0,0,0
4,4,0,0.0
0,0,0,0
0,0,0,0
3,2,1,0.3333333333333333
0,0,0,0
0,0,0,0
0,0,0,0
0,0,0,0
1,0,1,1.0
1,1,0,0.0
1,1,0,0.0
0,0,0,0
3,3,0,0.0
2,0,2,1.0
1,1,0,0.0
1,0,1,1.0
0,0,0,0
2,2,0,0.0
0,0,0,0
8,8,0,0.0
1,1,0,0.0
4,4,0,0.0
5,4,1,0.2
3,3,0,0.0
0,0,0,0
6,6,0,0.0
0,0,0,0
0,0,0,0
2,2,0,0.0
0,0,0,0
1,1,0,0.0
1,1,0,0.0
4,4,0,0.0
0,0,0,0
2,1,1,0.5
0,0,0,0
0,0,0,0
1,1,0,0.0
7,7,0,0.0
0,0,0,0
0,0,0,0
0,0,0,0
4,4,0,0.0
0,0,0,0
5,4,1,0.2
0,0,0,0
8,6,2,0.25
2,1,1,0.5
4,3,1,0.25
0,0,0,0
0,0,0,0
0,0,0,0
4,3,1,0.25
0,0,0,0
1,1,0,0.0
0,0,0,0
1,1,0,0.0
0,0,0,0
0,0,0,0
0,0,0,0
2,2,0,0.0
0,0,0,0
0,0,0,0
0,0,0,0
0,0,0,0
0,0,0,0
0,0,0,0
0,0,0,0
1,1,0,0.0
1,1,0,0.0
0,0,0,0
2,2,0,0.0
0,0,0,0
2,1,1,0.5
3,2,1,0.3333333333333333
4,3,1,0.25
1,1,0,0.0
0,0,0,0
9,5,4,0.4444444444444444
0,0,0,0
0,0,0,0
3,3,0,0.0
0,0,0,0
7,6,1,0.14285714285714285
1,1,0,0.0
0,0,0,0
0,0,0,0
0,0,0,0
1,1,0,0.0
0,0,0,0
0,0,0,0
0,0,0,0
0,0,0,0
0,0,0,0
2,1,1,0.5
0,0,0,0
0,0,0,0
0,0,0,0
2,1,1,0.5
0,0,0,0
9,7,2,0.2222222222222222
0,0,0,0
0,0,0,0
0,0,0,0
1,1,0,0.0
3,3,0,0.0
1,1,0,0.0
2,2,0,0.0
8,8,0,0.0
0,0,0,0
0,0,0,0
0,0,0,0
3,1,2,0.6666666666666666
4,4,0,0.0
0,0,0,0
2,1,1,0.5
0,0,0,0
1,0,1,1.0
0,0,0,0
0,0,0,0
1,1,0,0.0
0,0,0,0
0,0,0,0
4,4,0,0.0
3,3,0,0.0
0,0,0,0
4,2,2,0.5
3,2,1,0.3333333333333333
0,0,0,0
4,1,3,0.75
1,1,0,0.0
0,0,0,0
3,3,0,0.0
0,0,0,0
1,1,0,0.0
0,0,0,0
3,3,0,0.0
0,0,0,0
1,1,0,0.0
0,0,0,0
3,2,1,0.3333333333333333
1,1,0,0.0
0,0,0,0
7,7,0,0.0
2,2,0,0.0
1,1,0,0.0
1,1,0,0.0
1,0,1,1.0
1,1,0,0.0
0,0,0,0
2,2,0,0.0
0,0,0,0
0,0,0,0
0,0,0,0
1,1,0,0.0
6,6,0,0.0
4,4,0,0.0
3,3,0,0.0
5,5,0,0.0
0,0,0,0
0,0,0,0
0,0,0,0
3,3,0,0.0
2,2,0,0.0
10,9,1,0.1
0,0,0,0
0,0,0,0
8,8,0,0.0
1,1,0,0.0
3,2,1,0.3333333333333333
1,0,1,1.0
6,4,2,0.3333333333333333
3,3,0,0.0
0,0,0,0
4,4,0,0.0
0,0,0,0
6,4,2,0.3333333333333333
0,0,0,0
1,1,0,0.0
7,5,2,0.2857142857142857
0,0,0,0
0,0,0,0
0,0,0,0
1,1,0,0.0
1,1,0,0.0
0,0,0,0
3,2,1,0.3333333333333333
0,0,0,0
0,0,0,0
1,1,0,0.0
0,0,0,0
0,0,0,0
1,1,0,0.0
6,5,1,0.16666666666666666
1,1,0,0.0
0,0,0,0
3,2,1,0.3333333333333333
0,0,0,0
0,0,0,0
3,3,0,0.0
0,0,0,0
0,0,0,0
0,0,0,0
4,4,0,0.0
0,0,0,0
1,1,0,0.0
3,3,0,0.0
0,0,0,0
2,1,1,0.5
0,0,0,0
1,1,0,0.0
1,0,1,1.0
0,0,0,0
1,0,1,1.0
0,0,0,0
6,6,0,0.0
0,0,0,0
0,0,0,0
0,0,0,0
1,0,1,1.0
0,0,0,0
0,0,0,0
0,0,0,0
0,0,0,0
0,0,0,0
1,1,0,0.0
0,0,0,0
3,3,0,0.0
0,0,0,0
6,5,1,0.16666666666666666
0,0,0,0
1,1,0,0.0
0,0,0,0
0,0,0,0
1,1,0,0.0
4,3,1,0.25
0,0,0,0
0,0,0,0
0,0,0,0
6,4,2,0.3333333333333333
0,0,0,0
0,0,0,0
7,5,2,0.2857142857142857
5,5,0,0.0
0,0,0,0
0,0,0,0
3,2,1,0.3333333333333333
0,0,0,0
1,0,1,1.0
5,4,1,0.2
3,3,0,0.0
0,0,0,0
2,0,2,1.0
0,0,0,0
1,1,0,0.0
0,0,0,0
2,2,0,0.0
0,0,0,0
0,0,0,0
0,0,0,0
0,0,0,0
0,0,0,0
3,3,0,0.0
6,5,1,0.16666666666666666
2,2,0,0.0
0,0,0,0
0,0,0,0
0,0,0,0
1,0,1,1.0
0,0,0,0
1,1,0,0.0
6,6,0,0.0
0,0,0,0
1,0,1,1.0
2,1,1,0.5
3,3,0,0.0
3,3,0,0.0
0,0,0,0
0,0,0,0
0,0,0,0
3,2,1,0.3333333333333333
2,2,0,0.0
0,0,0,0
0,0,0,0
2,2,0,0.0
0,0,0,0
1,1,0,0.0
7,7,0,0.0
1,1,0,0.0
5,3,2,0.4
0,0,0,0
4,4,0,0.0
0,0,0,0
0,0,0,0
0,0,0,0
8,8,0,0.0
1,1,0,0.0
0,0,0,0
1,0,1,1.0
0,0,0,0
2,2,0,0.0
1,1,0,0.0
0,0,0,0
8,8,0,0.0
1,1,0,0.0
2,0,2,1.0
7,7,0,0.0
0,0,0,0
1,1,0,0.0
2,2,0,0.0
1,0,1,1.0
4,4,0,0.0
1,1,0,0.0
7,4,3,0.42857142857142855
9,9,0,0.0
0,0,0,0
1,1,0,0.0
3,3,0,0.0
0,0,0,0
5,5,0,0.0
0,0,0,0
6,6,0,0.0
0,0,0,0
4,4,0,0.0
0,0,0,0
2,2,0,0.0
0,0,0,0
7,7,0,0.0
0,0,0,0
0,0,0,0
0,0,0,0
1,1,0,0.0
2,2,0,0.0
3,2,1,0.3333333333333333
1,1,0,0.0
5,5,0,0.0
0,0,0,0
1,1,0,0.0
5,4,1,0.2
2,1,1,0.5
1,0,1,1.0
2,1,1,0.5
2,1,1,0.5
1,1,0,0.0
0,0,0,0
0,0,0,0
2,2,0,0.0
0,0,0,0
1,0,1,1.0
0,0,0,0
3,3,0,0.0
1,0,1,1.0
0,0,0,0
4,2,2,0.5
5,3,2,0.4
0,0,0,0
0,0,0,0
0,0,0,0
1,1,0,0.0
0,0,0,0
0,0,0,0
0,0,0,0
2,1,1,0.5
0,0,0,0
0,0,0,0
5,4,1,0.2
2,2,0,0.0
4,4,0,0.0
0,0,0,0
0,0,0,0
0,0,0,0
2,0,2,1.0
0,0,0,0
0,0,0,0
4,3,1,0.25
1,1,0,0.0
0,0,0,0
0,0,0,0
0,0,0,0
0,0,0,0
8,8,0,0.0
3,2,1,0.3333333333333333
0,0,0,0
6,5,1,0.16666666666666666
7,7,0,0.0
0,0,0,0
0,0,0,0
0,0,0,0
1,1,0,0.0
3,3,0,0.0
2,1,1,0.5
0,0,0,0
0,0,0,0
0,0,0,0
0,0,0,0
0,0,0,0
2,2,0,0.0
0,0,0,0
5,5,0,0.0
1,1,0,0.0
2,2,0,0.0
0,0,0,0
1,0,1,1.0
5,4,1,0.2
1,1,0,0.0
0,0,0,0
3,3,0,0.0
0,0,0,0
0,0,0,0
4,3,1,0.25
5,5,0,0.0
5,4,1,0.2
1,1,0,0.0
1,1,0,0.0
0,0,0,0
0,0,0,0
0,0,0,0
1,0,1,1.0
0,0,0,0
0,0,0,0
2,1,1,0.5
1,1,0,0.0
0,0,0,0
0,0,0,0
0,0,0,0
4,4,0,0.0
0,0,0,0
0,0,0,0
0,0,0,0
0,0,0,0
1,1,0,0.0
4,4,0,0.0
2,1,1,0.5
0,0,0,0
1,0,1,1.0
4,4,0,0.0
0,0,0,0
3,2,1,0.3333333333333333
2,2,0,0.0
0,0,0,0
0,0,0,0
4,4,0,0.0
7,6,1,0.14285714285714285
0,0,0,0
1,1,0,0.0
1,1,0,0.0
0,0,0,0
2,0,2,1.0
0,0,0,0
2,2,0,0.0
0,0,0,0
0,0,0,0
1,1,0,0.0
7,7,0,0.0
0,0,0,0
0,0,0,0
0,0,0,0
2,2,0,0.0
2,0,2,1.0
1,0,1,1.0
0,0,0,0
7,6,1,0.14285714285714285
1,1,0,0.0
0,0,0,0
5,5,0,0.0
3,2,1,0.3333333333333333
6,5,1,0.16666666666666666
4,3,1,0.25
4,4,0,0.0
2,2,0,0.0
2,2,0,0.0
0,0,0,0
2,2,0,0.0
1,1,0,0.0
4,4,0,0.0
2,2,0,0.0
1,1,0,0.0
0,0,0,0
1,1,0,0.0
0,0,0,0
3,3,0,0.0
0,0,0,0
4,3,1,0.25
5,4,1,0.2
0,0,0,0
4,3,1,0.25
4,3,1,0.25
6,4,2,0.3333333333333333
8,8,0,0.0
2,2,0,0.0
0,0,0,0
2,2,0,0.0
2,1,1,0.5
0,0,0,0
0,0,0,0
3,3,0,0.0
0,0,0,0
5,5,0,0.0
2,2,0,0.0
3,3,0,0.0
1,0,1,1.0
1,0,1,1.0
0,0,0,0
2,2,0,0.0
2,2,0,0.0
0,0,0,0
2,2,0,0.0
5,4,1,0.2
1,1,0,0.0
1,1,0,0.0
2,2,0,0.0
0,0,0,0
2,1,1,0.5
1,0,1,1.0
3,3,0,0.0
3,2,1,0.3333333333333333
1,1,0,0.0
0,0,0,0
5,5,0,0.0
0,0,0,0
3,1,2,0.6666666666666666
3,0,3,1.0
0,0,0,0
1,1,0,0.0
3,3,0,0.0
0,0,0,0
0,0,0,0
0,0,0,0
2,1,1,0.5
0,0,0,0
5,4,1,0.2
4,3,1,0.25
1,1,0,0.0
1,1,0,0.0
0,0,0,0
2,2,0,0.0
4,4,0,0.0
1,1,0,0.0
5,4,1,0.2
0,0,0,0
9,9,0,0.0
0,0,0,0
0,0,0,0
2,2,0,0.0
0,0,0,0
1,1,0,0.0
1,1,0,0.0
4,4,0,0.0
1,0,1,1.0
2,2,0,0.0
9,8,1,0.1111111111111111
2,1,1,0.5
0,0,0,0
3,3,0,0.0
2,2,0,0.0
2,2,0,0.0
4,3,1,0.25
6,6,0,0.0
0,0,0,0
0,0,0,0
2,0,2,1.0
0,0,0,0
5,5,0,0.0
0,0,0,0
0,0,0,0
0,0,0,0
0,0,0,0
5,3,2,0.4
0,0,0,0
0,0,0,0
2,2,0,0.0
0,0,0,0
3,3,0,0.0
3,3,0,0.0
0,0,0,0
0,0,0,0
2,2,0,0.0
8,6,2,0.25
0,0,0,0
0,0,0,0
0,0,0,0
6,2,4,0.6666666666666666
2,1,1,0.5
0,0,0,0
0,0,0,0
0,0,0,0
4,3,1,0.25
1,1,0,0.0
0,0,0,0
0,0,0,0
3,2,1,0.3333333333333333
1,1,0,0.0
1,1,0,0.0
0,0,0,0
1,0,1,1.0
2,1,1,0.5
1,0,1,1.0
0,0,0,0
1,1,0,0.0
1,0,1,1.0
1,1,0,0.0
1,0,1,1.0
0,0,0,0
0,0,0,0
2,2,0,0.0
8,8,0,0.0
1,1,0,0.0
0,0,0,0
3,3,0,0.0
1,0,1,1.0
1,1,0,0.0
7,7,0,0.0
0,0,0,0
2,1,1,0.5
0,0,0,0
3,1,2,0.6666666666666666
0,0,0,0
0,0,0,0
0,0,0,0
2,0,2,1.0
0,0,0,0
2,2,0,0.0
6,6,0,0.0
3,2,1,0.3333333333333333
0,0,0,0
3,2,1,0.3333333333333333
0,0,0,0
0,0,0,0
1,1,0,0.0
3,3,0,0.0
3,2,1,0.3333333333333333
1,1,0,0.0
1,0,1,1.0
3,3,0,0.0
0,0,0,0
2,2,0,0.0
1,1,0,0.0
0,0,0,0
0,0,0,0
0,0,0,0
0,0,0,0
5,5,0,0.0
0,0,0,0
1,1,0,0.0
1,0,1,1.0
9,8,1,0.1111111111111111
3,3,0,0.0
0,0,0,0
7,5,2,0.2857142857142857
0,0,0,0
5,5,0,0.0
1,1,0,0.0
0,0,0,0
2,2,0,0.0
0,0,0,0
0,0,0,0
0,0,0,0
1,1,0,0.0
2,2,0,0.0
2,2,0,0.0
1,1,0,0.0
6,4,2,0.3333333333333333
0,0,0,0
0,0,0,0
0,0,0,0
0,0,0,0
8,8,0,0.0
0,0,0,0
0,0,0,0
2,2,0,0.0
1,1,0,0.0
0,0,0,0
0,0,0,0
0,0,0,0
1,1,0,0.0
0,0,0,0
0,0,0,0
0,0,0,0
4,4,0,0.0
0,0,0,0
0,0,0,0
4,4,0,0.0
6,6,0,0.0
0,0,0,0
6,6,0,0.0
0,0,0,0
2,2,0,0.0
0,0,0,0
0,0,0,0
0,0,0,0
0,0,0,0
0,0,0,0
0,0,0,0
2,1,1,0.5
1,1,0,0.0
0,0,0,0
0,0,0,0
0,0,0,0
0,0,0,0
3,0,3,1.0
3,3,0,0.0
0,0,0,0
3,3,0,0.0
3,2,1,0.3333333333333333
0,0,0,0
0,0,0,0
0,0,0,0
0,0,0,0
3,3,0,0.0
0,0,0,0
0,0,0,0
2,2,0,0.0
5,4,1,0.2
0,0,0,0
1,1,0,0.0
5,5,0,0.0
0,0,0,0
2,1,1,0.5
1,1,0,0.0
0,0,0,0
0,0,0,0
1,1,0,0.0
0,0,0,0
1,0,1,1.0
2,0,2,1.0
2,2,0,0.0
1,1,0,0.0
6,6,0,0.0
7,7,0,0.0
0,0,0,0
0,0,0,0
0,0,0,0
1,0,1,1.0
1,1,0,0.0
2,2,0,0.0
0,0,0,0
8,7,1,0.125
3,3,0,0.0
0,0,0,0
2,2,0,0.0
6,6,0,0.0
0,0,0,0
0,0,0,0
1,1,0,0.0
3,3,0,0.0
2,1,1,0.5
8,8,0,0.0
1,0,1,1.0
0,0,0,0
2,2,0,0.0
2,1,1,0.5
2,1,1,0.5
1,1,0,0.0
1,0,1,1.0
0,0,0,0
3,1,2,0.6666666666666666
2,1,1,0.5
7,7,0,0.0
1,1,0,0.0
1,0,1,1.0
5,4,1,0.2
0,0,0,0
0,0,0,0
2,2,0,0.0
2,2,0,0.0
2,2,0,0.0
0,0,0,0
0,0,0,0
4,4,0,0.0
0,0,0,0
3,3,0,0.0
0,0,0,0
4,4,0,0.0
1,1,0,0.0
0,0,0,0
0,0,0,0
0,0,0,0
0,0,0,0
3,3,0,0.0
0,0,0,0
0,0,0,0
2,2,0,0.0
0,0,0,0
4,3,1,0.25
0,0,0,0
0,0,0,0
0,0,0,0
0,0,0,0
0,0,0,0
1,1,0,0.0
1,1,0,0.0
2,2,0,0.0
3,3,0,0.0
0,0,0,0
1,1,0,0.0
0,0,0,0
0,0,0,0
0,0,0,0
0,0,0,0
5,4,1,0.2
0,0,0,0
0,0,0,0
0,0,0,0
0,0,0,0
0,0,0,0
0,0,0,0
4,3,1,0.25
5,4,1,0.2
2,0,2,1.0
0,0,0,0
1,1,0,0.0
5,5,0,0.0
0,0,0,0
0,0,0,0
1,1,0,0.0
0,0,0,0
0,0,0,0
2,2,0,0.0
0,0,0,0
0,0,0,0
0,0,0,0
2,1,1,0.5
3,2,1,0.3333333333333333
3,3,0,0.0
2,2,0,0.0
0,0,0,0
3,3,0,0.0
1,1,0,0.0
0,0,0,0
0,0,0,0
0,0,0,0
1,1,0,0.0
0,0,0,0
8,7,1,0.125
0,0,0,0
1,1,0,0.0
0,0,0,0
5,5,0,0.0
0,0,0,0
9,6,3,0.3333333333333333
0,0,0,0
3,3,0,0.0
1,0,1,1.0
8,8,0,0.0
4,4,0,0.0
1,1,0,0.0
2,2,0,0.0
0,0,0,0
0,0,0,0
0,0,0,0
7,6,1,0.14285714285714285
2,1,1,0.5
1,0,1,1.0
0,0,0,0
0,0,0,0
3,2,1,0.3333333333333333
0,0,0,0
0,0,0,0
1,0,1,1.0
0,0,0,0
0,0,0,0
6,6,0,0.0
0,0,0,0
0,0,0,0
0,0,0,0
0,0,0,0
0,0,0,0
0,0,0,0
2,0,2,1.0
0,0,0,0
0,0,0,0
3,3,0,0.0
4,4,0,0.0
1,0,1,1.0
1,1,0,0.0
0,0,0,0
3,2,1,0.3333333333333333
5,4,1,0.2
1,0,1,1.0
0,0,0,0
0,0,0,0
0,0,0,0
1,1,0,0.0
1,1,0,0.0
1,0,1,1.0
6,4,2,0.3333333333333333
1,1,0,0.0
10,9,1,0.1
0,0,0,0
0,0,0,0
2,1,1,0.5
0,0,0,0
0,0,0,0
7,7,0,0.0
0,0,0,0
1,1,0,0.0
2,2,0,0.0
0,0,0,0
0,0,0,0
0,0,0,0
0,0,0,0
4,3,1,0.25
1,1,0,0.0
0,0,0,0
0,0,0,0
0,0,0,0
1,1,0,0.0
0,0,0,0
0,0,0,0
1,0,1,1.0
3,1,2,0.6666666666666666
2,2,0,0.0
0,0,0,0
1,1,0,0.0
0,0,0,0
0,0,0,0
0,0,0,0
0,0,0,0
0,0,0,0
4,4,0,0.0
6,6,0,0.0
0,0,0,0
0,0,0,0
0,0,0,0
0,0,0,0
0,0,0,0
0,0,0,0
0,0,0,0
4,4,0,0.0
0,0,0,0
2,2,0,0.0
0,0,0,0
1,1,0,0.0
0,0,0,0
0,0,0,0
0,0,0,0
0,0,0,0
6,6,0,0.0
0,0,0,0
4,4,0,0.0
6,6,0,0.0
0,0,0,0
0,0,0,0
1,1,0,0.0
0,0,0,0
0,0,0,0
0,0,0,0
0,0,0,0
4,4,0,0.0
5,4,1,0.2
7,6,1,0.14285714285714285
1,1,0,0.0
3,2,1,0.3333333333333333
2,2,0,0.0
2,2,0,0.0
1,1,0,0.0
0,0,0,0
0,0,0,0
0,0,0,0
0,0,0,0
0,0,0,0
1,1,0,0.0
1,1,0,0.0
1,1,0,0.0
0,0,0,0
0,0,0,0
2,2,0,0.0
0,0,0,0
7,7,0,0.0
0,0,0,0
0,0,0,0
3,3,0,0.0
0,0,0,0
3,3,0,0.0
0,0,0,0
10,9,1,0.1
0,0,0,0
1,1,0,0.0
1,0,1,1.0
0,0,0,0
2,1,1,0.5
1,1,0,0.0
1,1,0,0.0
0,0,0,0
8,4,4,0.5
0,0,0,0
1,1,0,0.0
1,0,1,1.0
8,8,0,0.0
0,0,0,0
1,0,1,1.0
0,0,0,0
0,0,0,0
6,4,2,0.3333333333333333
2,2,0,0.0
1,1,0,0.0
0,0,0,0
0,0,0,0
2,2,0,0.0
4,4,0,0.0
1,1,0,0.0
4,3,1,0.25
0,0,0,0
1,1,0,0.0
2,1,1,0.5
0,0,0,0
0,0,0,0
10,9,1,0.1
5,5,0,0.0
4,4,0,0.0
1,1,0,0.0
0,0,0,0
3,3,0,0.0
0,0,0,0
9,9,0,0.0
0,0,0,0
2,2,0,0.0
5,5,0,0.0
2,2,0,0.0
3,3,0,0.0
0,0,0,0
4,3,1,0.25
0,0,0,0
1,0,1,1.0
2,1,1,0.5
0,0,0,0
4,4,0,0.0
2,2,0,0.0
4,4,0,0.0
1,1,0,0.0
4,4,0,0.0
1,1,0,0.0
2,2,0,0.0
2,2,0,0.0
0,0,0,0
1,1,0,0.0
1,0,1,1.0
3,3,0,0.0
0,0,0,0
0,0,0,0
0,0,0,0
0,0,0,0
4,2,2,0.5
0,0,0,0
0,0,0,0
0,0,0,0
1,1,0,0.0
0,0,0,0
0,0,0,0
0,0,0,0
1,1,0,0.0
1,1,0,0.0
0,0,0,0
0,0,0,0
0,0,0,0
0,0,0,0
0,0,0,0
2,1,1,0.5
2,1,1,0.5
2,1,1,0.5
5,5,0,0.0
0,0,0,0
0,0,0,0
0,0,0,0
6,6,0,0.0
5,5,0,0.0
3,2,1,0.3333333333333333
1,0,1,1.0
6,6,0,0.0
0,0,0,0
1,1,0,0.0
0,0,0,0
0,0,0,0
5,5,0,0.0
3,3,0,0.0
0,0,0,0
1,1,0,0.0
0,0,0,0
0,0,0,0
0,0,0,0
0,0,0,0
0,0,0,0
0,0,0,0
1,1,0,0.0
4,2,2,0.5
4,4,0,0.0
2,2,0,0.0
0,0,0,0
0,0,0,0
4,4,0,0.0
0,0,0,0
1,1,0,0.0
5,4,1,0.2
1,1,0,0.0
0,0,0,0
0,0,0,0
2,2,0,0.0
0,0,0,0
7,6,1,0.14285714285714285
0,0,0,0
1,1,0,0.0
4,4,0,0.0
0,0,0,0
0,0,0,0
0,0,0,0
0,0,0,0
0,0,0,0
0,0,0,0
0,0,0,0
0,0,0,0
3,3,0,0.0
0,0,0,0
2,1,1,0.5
2,2,0,0.0
7,7,0,0.0
4,4,0,0.0
5,5,0,0.0
0,0,0,0
0,0,0,0
0,0,0,0
0,0,0,0
1,1,0,0.0
2,1,1,0.5
0,0,0,0
2,1,1,0.5
6,6,0,0.0
5,4,1,0.2
5,5,0,0.0
8,8,0,0.0
4,3,1,0.25
0,0,0,0
1,1,0,0.0
2,2,0,0.0
0,0,0,0
0,0,0,0
1,1,0,0.0
0,0,0,0
1,1,0,0.0
0,0,0,0
0,0,0,0
0,0,0,0
0,0,0,0
1,1,0,0.0
1,0,1,1.0
0,0,0,0
3,1,2,0.6666666666666666
5,5,0,0.0
1,1,0,0.0
0,0,0,0
0,0,0,0
0,0,0,0
0,0,0,0
0,0,0,0
1,1,0,0.0
3,3,0,0.0
0,0,0,0
0,0,0,0
1,0,1,1.0
2,1,1,0.5
1,1,0,0.0
0,0,0,0
2,2,0,0.0
0,0,0,0
9,8,1,0.1111111111111111
1,1,0,0.0
5,4,1,0.2
2,2,0,0.0
0,0,0,0
2,1,1,0.5
0,0,0,0
0,0,0,0
0,0,0,0
0,0,0,0
1,1,0,0.0
0,0,0,0
0,0,0,0
0,0,0,0
1,1,0,0.0
0,0,0,0
0,0,0,0
1,1,0,0.0
3,3,0,0.0
5,4,1,0.2
2,1,1,0.5
5,5,0,0.0
0,0,0,0
1,1,0,0.0
1,0,1,1.0
1,1,0,0.0
0,0,0,0
3,2,1,0.3333333333333333
4,4,0,0.0
3,1,2,0.6666666666666666
6,4,2,0.3333333333333333
6,5,1,0.16666666666666666
0,0,0,0
0,0,0,0
1,0,1,1.0
0,0,0,0
4,4,0,0.0
2,1,1,0.5
2,1,1,0.5
1,0,1,1.0
1,0,1,1.0
0,0,0,0
0,0,0,0
0,0,0,0
0,0,0,0
3,3,0,0.0
1,1,0,0.0
1,1,0,0.0
0,0,0,0
0,0,0,0
2,2,0,0.0
2,1,1,0.5
4,4,0,0.0
5,5,0,0.0
0,0,0,0
3,3,0,0.0
0,0,0,0
0,0,0,0
0,0,0,0
7,7,0,0.0
0,0,0,0
0,0,0,0
5,5,0,0.0
0,0,0,0
2,2,0,0.0
4,3,1,0.25
3,3,0,0.0
3,2,1,0.3333333333333333
1,1,0,0.0
0,0,0,0
0,0,0,0
0,0,0,0
0,0,0,0
1,1,0,0.0
6,6,0,0.0
6,6,0,0.0
0,0,0,0
0,0,0,0
2,2,0,0.0
0,0,0,0
0,0,0,0
0,0,0,0
3,3,0,0.0
0,0,0,0
9,7,2,0.2222222222222222
0,0,0,0
1,1,0,0.0
0,0,0,0
0,0,0,0
7,6,1,0.14285714285714285
1,1,0,0.0
4,4,0,0.0
1,1,0,0.0
0,0,0,0
1,1,0,0.0
3,2,1,0.3333333333333333
8,5,3,0.375
2,2,0,0.0
2,2,0,0.0
5,5,0,0.0
0,0,0,0
0,0,0,0
0,0,0,0
2,2,0,0.0
7,6,1,0.14285714285714285
2,2,0,0.0
0,0,0,0
2,2,0,0.0
0,0,0,0
2,1,1,0.5
3,3,0,0.0
1,1,0,0.0
4,3,1,0.25
1,1,0,0.0
0,0,0,0
0,0,0,0
0,0,0,0
2,1,1,0.5
1,1,0,0.0
2,1,1,0.5
6,6,0,0.0
2,2,0,0.0
0,0,0,0
2,2,0,0.0
0,0,0,0
1,0,1,1.0
6,5,1,0.16666666666666666
0,0,0,0
1,0,1,1.0
0,0,0,0
3,3,0,0.0
5,4,1,0.2
3,3,0,0.0
1,1,0,0.0
0,0,0,0
0,0,0,0
5,5,0,0.0
1,1,0,0.0
1,0,1,1.0
3,3,0,0.0
1,1,0,0.0
6,5,1,0.16666666666666666
1,0,1,1.0
3,2,1,0.3333333333333333
3,2,1,0.3333333333333333
1,1,0,0.0
7,7,0,0.0
0,0,0,0
0,0,0,0
0,0,0,0
2,1,1,0.5
0,0,0,0
6,6,0,0.0
1,0,1,1.0
0,0,0,0
6,6,0,0.0
0,0,0,0
0,0,0,0
3,3,0,0.0
0,0,0,0
8,8,0,0.0
2,2,0,0.0
0,0,0,0
4,3,1,0.25
4,4,0,0.0
0,0,0,0
0,0,0,0
1,1,0,0.0
4,4,0,0.0
0,0,0,0
3,3,0,0.0
5,5,0,0.0
1,1,0,0.0
0,0,0,0
1,1,0,0.0
1,1,0,0.0
0,0,0,0
0,0,0,0
1,0,1,1.0
0,0,0,0
4,4,0,0.0
0,0,0,0
0,0,0,0
0,0,0,0
0,0,0,0
1,0,1,1.0
1,1,0,0.0
1,0,1,1.0
0,0,0,0
0,0,0,0
0,0,0,0
0,0,0,0
1,0,1,1.0
2,2,0,0.0
0,0,0,0
9,9,0,0.0
0,0,0,0
0,0,0,0
0,0,0,0
0,0,0,0
0,0,0,0
2,2,0,0.0
0,0,0,0
2,2,0,0.0
0,0,0,0
0,0,0,0
1,0,1,1.0
0,0,0,0
3,3,0,0.0
0,0,0,0
2,1,1,0.5
0,0,0,0
0,0,0,0
0,0,0,0
1,1,0,0.0
0,0,0,0
1,1,0,0.0
1,0,1,1.0
3,3,0,0.0
0,0,0,0
3,3,0,0.0
1,0,1,1.0
0,0,0,0
2,1,1,0.5
3,2,1,0.3333333333333333
0,0,0,0
1,1,0,0.0
1,1,0,0.0
0,0,0,0
0,0,0,0
0,0,0,0
3,3,0,0.0
4,4,0,0.0
7,7,0,0.0
0,0,0,0
4,2,2,0.5
0,0,0,0
5,5,0,0.0
0,0,0,0
5,5,0,0.0
0,0,0,0
2,2,0,0.0
2,2,0,0.0
1,1,0,0.0
0,0,0,0
4,2,2,0.5
0,0,0,0
0,0,0,0
0,0,0,0
2,2,0,0.0
0,0,0,0
0,0,0,0
4,3,1,0.25
0,0,0,0
1,0,1,1.0
0,0,0,0
0,0,0,0
0,0,0,0
0,0,0,0
8,8,0,0.0
7,7,0,0.0
0,0,0,0
3,2,1,0.3333333333333333
1,1,0,0.0
0,0,0,0
2,2,0,0.0
0,0,0,0
0,0,0,0
2,0,2,1.0
2,0,2,1.0
1,1,0,0.0
0,0,0,0
0,0,0,0
1,0,1,1.0
1,1,0,0.0
0,0,0,0
0,0,0,0
0,0,0,0
0,0,0,0
0,0,0,0
0,0,0,0
0,0,0,0
1,0,1,1.0
8,8,0,0.0
0,0,0,0
0,0,0,0
1,1,0,0.0
0,0,0,0
2,1,1,0.5
1,1,0,0.0
0,0,0,0
3,3,0,0.0
0,0,0,0
2,2,0,0.0
0,0,0,0
4,3,1,0.25
0,0,0,0
7,7,0,0.0
5,4,1,0.2
0,0,0,0
0,0,0,0
3,3,0,0.0
0,0,0,0
6,6,0,0.0
1,1,0,0.0
3,3,0,0.0
2,0,2,1.0
0,0,0,0
0,0,0,0
1,1,0,0.0
1,1,0,0.0
8,7,1,0.125
3,2,1,0.3333333333333333
7,7,0,0.0
3,3,0,0.0
1,1,0,0.0
0,0,0,0
0,0,0,0
1,0,1,1.0
0,0,0,0
0,0,0,0
0,0,0,0
4,4,0,0.0
8,8,0,0.0
1,1,0,0.0
0,0,0,0
2,2,0,0.0
4,4,0,0.0
1,0,1,1.0
0,0,0,0
0,0,0,0
0,0,0,0
2,2,0,0.0
1,0,1,1.0
4,2,2,0.5
0,0,0,0
1,1,0,0.0
2,2,0,0.0
2,2,0,0.0
0,0,0,0
5,4,1,0.2
3,3,0,0.0
0,0,0,0
0,0,0,0
0,0,0,0
1,1,0,0.0
4,4,0,0.0
4,3,1,0.25
0,0,0,0
0,0,0,0
2,2,0,0.0
0,0,0,0
2,1,1,0.5
0,0,0,0
2,2,0,0.0
0,0,0,0
1,1,0,0.0
0,0,0,0
2,2,0,0.0
0,0,0,0
0,0,0,0
1,0,1,1.0
0,0,0,0
0,0,0,0
0,0,0,0
0,0,0,0
1,1,0,0.0
0,0,0,0
6,4,2,0.3333333333333333
0,0,0,0
4,4,0,0.0
0,0,0,0
0,0,0,0
3,2,1,0.3333333333333333
4,3,1,0.25
1,1,0,0.0
4,3,1,0.25
0,0,0,0
0,0,0,0
1,1,0,0.0
1,1,0,0.0
7,7,0,0.0
1,1,0,0.0
0,0,0,0
0,0,0,0
0,0,0,0
0,0,0,0
0,0,0,0
1,1,0,0.0
1,1,0,0.0
0,0,0,0
8,7,1,0.125
4,4,0,0.0
6,6,0,0.0
1,1,0,0.0
3,2,1,0.3333333333333333
3,3,0,0.0
0,0,0,0
0,0,0,0
1,1,0,0.0
1,1,0,0.0
0,0,0,0
1,1,0,0.0
0,0,0,0
2,1,1,0.5
0,0,0,0
0,0,0,0
0,0,0,0
5,5,0,0.0
0,0,0,0
0,0,0,0
0,0,0,0
0,0,0,0
1,1,0,0.0
0,0,0,0
2,1,1,0.5
2,1,1,0.5
1,1,0,0.0
0,0,0,0
0,0,0,0
2,1,1,0.5
2,0,2,1.0
0,0,0,0
0,0,0,0
1,1,0,0.0
0,0,0,0
8,8,0,0.0
1,0,1,1.0
0,0,0,0
0,0,0,0
1,1,0,0.0
0,0,0,0
3,3,0,0.0
2,1,1,0.5
0,0,0,0
2,2,0,0.0
4,1,3,0.75
0,0,0,0
0,0,0,0
3,2,1,0.3333333333333333
0,0,0,0
1,0,1,1.0
2,2,0,0.0
2,2,0,0.0
1,0,1,1.0
3,1,2,0.6666666666666666
6,6,0,0.0
2,2,0,0.0
5,5,0,0.0
1,1,0,0.0
0,0,0,0
0,0,0,0
3,2,1,0.3333333333333333
0,0,0,0
1,1,0,0.0
1,1,0,0.0
0,0,0,0
6,6,0,0.0
0,0,0,0
2,2,0,0.0
1,1,0,0.0
5,5,0,0.0
2,1,1,0.5
0,0,0,0
4,2,2,0.5
0,0,0,0
1,1,0,0.0
0,0,0,0
7,5,2,0.2857142857142857
8,7,1,0.125
3,3,0,0.0
0,0,0,0
4,2,2,0.5
1,0,1,1.0
0,0,0,0
2,1,1,0.5
1,1,0,0.0
2,2,0,0.0
0,0,0,0
1,1,0,0.0
2,2,0,0.0
2,2,0,0.0
0,0,0,0
5,2,3,0.6
3,2,1,0.3333333333333333
0,0,0,0
0,0,0,0
0,0,0,0
1,1,0,0.0
0,0,0,0
0,0,0,0
0,0,0,0
0,0,0,0
0,0,0,0
0,0,0,0
0,0,0,0
0,0,0,0
2,1,1,0.5
2,2,0,0.0
0,0,0,0
0,0,0,0
2,2,0,0.0
0,0,0,0
1,1,0,0.0
0,0,0,0
0,0,0,0
0,0,0,0
0,0,0,0
0,0,0,0
1,1,0,0.0
1,0,1,1.0
0,0,0,0
4,4,0,0.0
3,3,0,0.0
0,0,0,0
0,0,0,0
3,3,0,0.0
1,1,0,0.0
1,1,0,0.0
2,1,1,0.5
3,3,0,0.0
0,0,0,0
1,1,0,0.0
1,1,0,0.0
0,0,0,0
2,2,0,0.0
0,0,0,0
4,4,0,0.0
7,5,2,0.2857142857142857
4,2,2,0.5
0,0,0,0
0,0,0,0
0,0,0,0
3,2,1,0.3333333333333333
3,3,0,0.0
0,0,0,0
0,0,0,0
1,1,0,0.0
10,9,1,0.1
3,3,0,0.0
1,0,1,1.0
0,0,0,0
8,8,0,0.0
4,4,0,0.0
0,0,0,0
5,4,1,0.2
0,0,0,0
1,1,0,0.0
1,1,0,0.0
0,0,0,0
4,4,0,0.0
1,1,0,0.0
5,4,1,0.2
2,2,0,0.0
2,1,1,0.5
0,0,0,0
10,9,1,0.1
2,2,0,0.0
1,1,0,0.0
1,1,0,0.0
8,8,0,0.0
2,2,0,0.0
1,1,0,0.0
0,0,0,0
4,2,2,0.5
3,1,2,0.6666666666666666
0,0,0,0
0,0,0,0
0,0,0,0
1,1,0,0.0
1,0,1,1.0
6,6,0,0.0
0,0,0,0
1,0,1,1.0
0,0,0,0
0,0,0,0
0,0,0,0
0,0,0,0
1,1,0,0.0
6,4,2,0.3333333333333333
2,2,0,0.0
4,4,0,0.0
4,3,1,0.25
2,1,1,0.5
7,7,0,0.0
4,3,1,0.25
1,0,1,1.0
2,1,1,0.5
1,1,0,0.0
0,0,0,0
4,2,2,0.5
1,1,0,0.0
1,1,0,0.0
0,0,0,0
1,1,0,0.0
0,0,0,0
0,0,0,0
0,0,0,0
1,1,0,0.0
1,1,0,0.0
0,0,0,0
0,0,0,0
4,3,1,0.25
0,0,0,0
0,0,0,0
0,0,0,0
1,1,0,0.0
3,3,0,0.0
0,0,0,0
0,0,0,0
1,1,0,0.0
0,0,0,0
0,0,0,0
0,0,0,0
0,0,0,0
4,3,1,0.25
0,0,0,0
6,5,1,0.16666666666666666
2,2,0,0.0
3,1,2,0.6666666666666666
3,2,1,0.3333333333333333
3,2,1,0.3333333333333333
0,0,0,0
1,0,1,1.0
0,0,0,0
0,0,0,0
0,0,0,0
2,2,0,0.0
0,0,0,0
0,0,0,0
3,2,1,0.3333333333333333
0,0,0,0
6,5,1,0.16666666666666666
0,0,0,0
1,1,0,0.0
2,1,1,0.5
0,0,0,0
0,0,0,0
3,2,1,0.3333333333333333
1,1,0,0.0
3,2,1,0.3333333333333333
0,0,0,0
0,0,0,0
3,1,2,0.6666666666666666
2,2,0,0.0
1,1,0,0.0
0,0,0,0
0,0,0,0
0,0,0,0
4,4,0,0.0
0,0,0,0
4,3,1,0.25
0,0,0,0
6,5,1,0.16666666666666666
1,1,0,0.0
3,1,2,0.6666666666666666
0,0,0,0
3,2,1,0.3333333333333333
1,1,0,0.0
0,0,0,0
0,0,0,0
5,4,1,0.2
4,4,0,0.0
8,8,0,0.0
0,0,0,0
4,3,1,0.25
1,0,1,1.0
0,0,0,0
1,1,0,0.0
0,0,0,0
0,0,0,0
0,0,0,0
1,1,0,0.0
0,0,0,0
0,0,0,0
1,0,1,1.0
0,0,0,0
1,1,0,0.0
5,5,0,0.0
2,1,1,0.5
0,0,0,0
0,0,0,0
0,0,0,0
0,0,0,0
2,1,1,0.5
2,2,0,0.0
0,0,0,0
6,5,1,0.16666666666666666
0,0,0,0
0,0,0,0
0,0,0,0
3,2,1,0.3333333333333333
4,4,0,0.0
0,0,0,0
0,0,0,0
1,1,0,0.0
1,0,1,1.0
1,1,0,0.0
6,6,0,0.0
0,0,0,0
1,1,0,0.0
1,1,0,0.0
0,0,0,0
8,6,2,0.25
0,0,0,0
3,3,0,0.0
0,0,0,0
0,0,0,0
3,3,0,0.0
4,4,0,0.0
3,3,0,0.0
0,0,0,0
2,2,0,0.0
2,2,0,0.0
0,0,0,0
0,0,0,0
2,2,0,0.0
4,3,1,0.25
4,4,0,0.0
3,2,1,0.3333333333333333
0,0,0,0
2,1,1,0.5
0,0,0,0
1,1,0,0.0
2,2,0,0.0
0,0,0,0
0,0,0,0
3,2,1,0.3333333333333333
0,0,0,0
6,6,0,0.0
2,1,1,0.5
6,3,3,0.5
3,3,0,0.0
0,0,0,0
0,0,0,0
1,1,0,0.0
1,1,0,0.0
0,0,0,0
0,0,0,0
7,5,2,0.2857142857142857
0,0,0,0
0,0,0,0
1,1,0,0.0
0,0,0,0
6,5,1,0.16666666666666666
0,0,0,0
0,0,0,0
0,0,0,0
0,0,0,0
0,0,0,0
3,1,2,0.6666666666666666
0,0,0,0
0,0,0,0
1,1,0,0.0
0,0,0,0
3,3,0,0.0
1,1,0,0.0
0,0,0,0
2,1,1,0.5
1,1,0,0.0
1,1,0,0.0
0,0,0,0
0,0,0,0
1,0,1,1.0
1,0,1,1.0
2,2,0,0.0
4,3,1,0.25
5,5,0,0.0
0,0,0,0
6,6,0,0.0
0,0,0,0
0,0,0,0
1,0,1,1.0
0,0,0,0
3,3,0,0.0
1,1,0,0.0
4,4,0,0.0
0,0,0,0
0,0,0,0
1,1,0,0.0
1,1,0,0.0
1,1,0,0.0
2,2,0,0.0
1,1,0,0.0
3,3,0,0.0
0,0,0,0
1,0,1,1.0
1,1,0,0.0
4,4,0,0.0
2,1,1,0.5
2,2,0,0.0
0,0,0,0
0,0,0,0
1,1,0,0.0
0,0,0,0
1,1,0,0.0
0,0,0,0
0,0,0,0
0,0,0,0
0,0,0,0
0,0,0,0
1,1,0,0.0
5,4,1,0.2
2,1,1,0.5
9,7,2,0.2222222222222222
4,4,0,0.0
8,8,0,0.0
0,0,0,0
2,2,0,0.0
0,0,0,0
0,0,0,0
1,1,0,0.0
5,4,1,0.2
0,0,0,0
0,0,0,0
2,2,0,0.0
1,1,0,0.0
4,4,0,0.0
1,0,1,1.0
2,2,0,0.0
0,0,0,0
2,1,1,0.5
1,1,0,0.0
0,0,0,0
2,1,1,0.5
2,2,0,0.0
2,1,1,0.5
1,0,1,1.0
5,3,2,0.4
0,0,0,0
1,1,0,0.0
0,0,0,0
0,0,0,0
0,0,0,0
0,0,0,0
9,8,1,0.1111111111111111
0,0,0,0
7,6,1,0.14285714285714285
0,0,0,0
1,1,0,0.0
1,1,0,0.0
0,0,0,0
0,0,0,0
2,0,2,1.0
5,4,1,0.2
2,2,0,0.0
0,0,0,0
0,0,0,0
2,2,0,0.0
0,0,0,0
4,4,0,0.0
2,2,0,0.0
3,3,0,0.0
0,0,0,0
1,1,0,0.0
2,2,0,0.0
2,2,0,0.0
1,1,0,0.0
3,2,1,0.3333333333333333
0,0,0,0
0,0,0,0
5,5,0,0.0
2,2,0,0.0
3,3,0,0.0
1,1,0,0.0
4,4,0,0.0
4,4,0,0.0
2,2,0,0.0
2,1,1,0.5
0,0,0,0
6,6,0,0.0
0,0,0,0
0,0,0,0
2,0,2,1.0
0,0,0,0
0,0,0,0
0,0,0,0
3,2,1,0.3333333333333333
0,0,0,0
1,1,0,0.0
0,0,0,0
4,4,0,0.0
0,0,0,0
0,0,0,0
0,0,0,0
1,1,0,0.0
0,0,0,0
1,1,0,0.0
0,0,0,0
0,0,0,0
3,3,0,0.0
6,6,0,0.0
1,1,0,0.0
0,0,0,0
4,2,2,0.5
4,2,2,0.5
2,1,1,0.5
1,1,0,0.0
3,3,0,0.0
0,0,0,0
0,0,0,0
0,0,0,0
0,0,0,0
0,0,0,0
0,0,0,0
0,0,0,0
0,0,0,0
1,1,0,0.0
0,0,0,0
0,0,0,0
0,0,0,0
0,0,0,0
0,0,0,0
0,0,0,0
2,1,1,0.5
1,1,0,0.0
2,1,1,0.5
0,0,0,0
0,0,0,0
1,1,0,0.0
0,0,0,0
1,0,1,1.0
5,5,0,0.0
0,0,0,0
0,0,0,0
1,0,1,1.0
3,2,1,0.3333333333333333
0,0,0,0
1,0,1,1.0
2,0,2,1.0
7,6,1,0.14285714285714285
1,1,0,0.0
0,0,0,0
0,0,0,0
0,0,0,0
1,0,1,1.0
2,2,0,0.0
4,4,0,0.0
0,0,0,0
1,0,1,1.0
0,0,0,0
0,0,0,0
0,0,0,0
5,5,0,0.0
0,0,0,0
0,0,0,0
5,5,0,0.0
0,0,0,0
2,2,0,0.0
8,7,1,0.125
0,0,0,0
2,2,0,0.0
7,6,1,0.14285714285714285
0,0,0,0
0,0,0,0
3,2,1,0.3333333333333333
6,6,0,0.0
3,3,0,0.0
0,0,0,0
0,0,0,0
4,4,0,0.0
1,1,0,0.0
6,4,2,0.3333333333333333
1,1,0,0.0
1,1,0,0.0
0,0,0,0
0,0,0,0
4,3,1,0.25
3,1,2,0.6666666666666666
1,0,1,1.0
1,1,0,0.0
1,1,0,0.0
0,0,0,0
0,0,0,0
2,2,0,0.0
1,1,0,0.0
1,1,0,0.0
0,0,0,0
0,0,0,0
0,0,0,0
3,2,1,0.3333333333333333
0,0,0,0
2,2,0,0.0
2,2,0,0.0
0,0,0,0
1,1,0,0.0
1,0,1,1.0
3,3,0,0.0
0,0,0,0
0,0,0,0
3,3,0,0.0
4,3,1,0.25
2,2,0,0.0
0,0,0,0
0,0,0,0
2,1,1,0.5
8,8,0,0.0
0,0,0,0
5,4,1,0.2
0,0,0,0
1,0,1,1.0
1,1,0,0.0
1,1,0,0.0
1,1,0,0.0
0,0,0,0
3,3,0,0.0
2,1,1,0.5
1,1,0,0.0
0,0,0,0
1,0,1,1.0
0,0,0,0
0,0,0,0
0,0,0,0
1,0,1,1.0
5,3,2,0.4
1,0,1,1.0
1,1,0,0.0
0,0,0,0
0,0,0,0
3,3,0,0.0
0,0,0,0
6,6,0,0.0
4,4,0,0.0
2,2,0,0.0
1,0,1,1.0
3,3,0,0.0
0,0,0,0
1,1,0,0.0
0,0,0,0
0,0,0,0
0,0,0,0
5,5,0,0.0
2,1,1,0.5
0,0,0,0
0,0,0,0
5,3,2,0.4
1,1,0,0.0
0,0,0,0
0,0,0,0
6,5,1,0.16666666666666666
0,0,0,0
3,3,0,0.0
0,0,0,0
2,1,1,0.5
0,0,0,0
0,0,0,0
0,0,0,0
3,2,1,0.3333333333333333
0,0,0,0
1,1,0,0.0
0,0,0,0
0,0,0,0
0,0,0,0
0,0,0,0
2,1,1,0.5
0,0,0,0
0,0,0,0
2,1,1,0.5
3,3,0,0.0
1,1,0,0.0
0,0,0,0
3,2,1,0.3333333333333333
6,5,1,0.16666666666666666
0,0,0,0
0,0,0,0
1,1,0,0.0
8,7,1,0.125
0,0,0,0
1,1,0,0.0
0,0,0,0
0,0,0,0
0,0,0,0
0,0,0,0
0,0,0,0
1,1,0,0.0
5,5,0,0.0
0,0,0,0
7,5,2,0.2857142857142857
0,0,0,0
2,2,0,0.0
4,3,1,0.25
2,2,0,0.0
0,0,0,0
0,0,0,0
1,1,0,0.0
1,1,0,0.0
4,4,0,0.0
0,0,0,0
0,0,0,0
0,0,0,0
1,1,0,0.0
1,1,0,0.0
0,0,0,0
2,2,0,0.0
0,0,0,0
0,0,0,0
0,0,0,0
2,2,0,0.0
3,1,2,0.6666666666666666
1,1,0,0.0
0,0,0,0
1,1,0,0.0
0,0,0,0
0,0,0,0
0,0,0,0
4,4,0,0.0
3,2,1,0.3333333333333333
3,3,0,0.0
3,1,2,0.6666666666666666
0,0,0,0
0,0,0,0
0,0,0,0
0,0,0,0
1,1,0,0.0
1,1,0,0.0
0,0,0,0
1,1,0,0.0
2,2,0,0.0
0,0,0,0
6,6,0,0.0
0,0,0,0
0,0,0,0
3,3,0,0.0
3,3,0,0.0
0,0,0,0
1,1,0,0.0
0,0,0,0
0,0,0,0
0,0,0,0
0,0,0,0
0,0,0,0
3,3,0,0.0
3,3,0,0.0
0,0,0,0
0,0,0,0
6,6,0,0.0
1,1,0,0.0
3,3,0,0.0
0,0,0,0
4,3,1,0.25
5,5,0,0.0
5,1,4,0.8
2,0,2,1.0
0,0,0,0
0,0,0,0
0,0,0,0
6,6,0,0.0
4,4,0,0.0
0,0,0,0
1,1,0,0.0
0,0,0,0
1,1,0,0.0
0,0,0,0
0,0,0,0
0,0,0,0
2,2,0,0.0
1,1,0,0.0
1,0,1,1.0
0,0,0,0
4,3,1,0.25
0,0,0,0
3,2,1,0.3333333333333333
0,0,0,0
5,5,0,0.0
1,1,0,0.0
1,1,0,0.0
0,0,0,0
2,1,1,0.5
0,0,0,0
0,0,0,0
0,0,0,0
3,3,0,0.0
2,1,1,0.5
0,0,0,0
0,0,0,0
0,0,0,0
0,0,0,0
0,0,0,0
0,0,0,0
0,0,0,0
2,1,1,0.5
0,0,0,0
2,0,2,1.0
1,1,0,0.0
5,4,1,0.2
0,0,0,0
0,0,0,0
0,0,0,0
0,0,0,0
2,2,0,0.0
0,0,0,0
0,0,0,0
5,5,0,0.0
1,1,0,0.0
0,0,0,0
0,0,0,0
0,0,0,0
4,3,1,0.25
6,6,0,0.0
0,0,0,0
9,7,2,0.2222222222222222
0,0,0,0
2,1,1,0.5
1,1,0,0.0
2,2,0,0.0
1,1,0,0.0
0,0,0,0
3,3,0,0.0
0,0,0,0
1,1,0,0.0
0,0,0,0
0,0,0,0
0,0,0,0
0,0,0,0
0,0,0,0
2,2,0,0.0
1,0,1,1.0
0,0,0,0
2,2,0,0.0
0,0,0,0
3,3,0,0.0
0,0,0,0
5,5,0,0.0
2,2,0,0.0
0,0,0,0
0,0,0,0
0,0,0,0
1,1,0,0.0
1,1,0,0.0
7,6,1,0.14285714285714285
0,0,0,0
0,0,0,0
2,1,1,0.5
1,1,0,0.0
0,0,0,0
7,6,1,0.14285714285714285
3,3,0,0.0
1,1,0,0.0
0,0,0,0
0,0,0,0
0,0,0,0
9,5,4,0.4444444444444444
1,0,1,1.0
0,0,0,0
3,3,0,0.0
1,1,0,0.0
2,2,0,0.0
0,0,0,0
1,1,0,0.0
0,0,0,0
5,5,0,0.0
1,1,0,0.0
0,0,0,0
0,0,0,0
0,0,0,0
9,6,3,0.3333333333333333
0,0,0,0
0,0,0,0
1,1,0,0.0
0,0,0,0
0,0,0,0
1,0,1,1.0
0,0,0,0
0,0,0,0
5,5,0,0.0
2,2,0,0.0
0,0,0,0
0,0,0,0
1,1,0,0.0
6,5,1,0.16666666666666666
0,0,0,0
0,0,0,0
6,5,1,0.16666666666666666
0,0,0,0
6,6,0,0.0
0,0,0,0
0,0,0,0
3,3,0,0.0
3,3,0,0.0
0,0,0,0
0,0,0,0
4,3,1,0.25
0,0,0,0
0,0,0,0
0,0,0,0
0,0,0,0
10,9,1,0.1
0,0,0,0
9,8,1,0.1111111111111111
0,0,0,0
5,4,1,0.2
9,6,3,0.3333333333333333
1,1,0,0.0
3,2,1,0.3333333333333333
3,2,1,0.3333333333333333
0,0,0,0
0,0,0,0
4,4,0,0.0
0,0,0,0
5,4,1,0.2
2,2,0,0.0
2,2,0,0.0
2,1,1,0.5
0,0,0,0
4,3,1,0.25
0,0,0,0
0,0,0,0
4,4,0,0.0
1,1,0,0.0
7,7,0,0.0
0,0,0,0
1,1,0,0.0
2,0,2,1.0
0,0,0,0
1,1,0,0.0
1,0,1,1.0
1,1,0,0.0
0,0,0,0
1,1,0,0.0
2,1,1,0.5
1,1,0,0.0
0,0,0,0
0,0,0,0
5,4,1,0.2
0,0,0,0
3,3,0,0.0
7,7,0,0.0
4,2,2,0.5
0,0,0,0
2,2,0,0.0
0,0,0,0
0,0,0,0
3,3,0,0.0
0,0,0,0
6,6,0,0.0
2,1,1,0.5
2,2,0,0.0
0,0,0,0
1,1,0,0.0
7,7,0,0.0
4,4,0,0.0
0,0,0,0
0,0,0,0
0,0,0,0
1,1,0,0.0
0,0,0,0
0,0,0,0
5,4,1,0.2
4,3,1,0.25
0,0,0,0
2,0,2,1.0
0,0,0,0
0,0,0,0
2,2,0,0.0
1,1,0,0.0
4,3,1,0.25
0,0,0,0
1,1,0,0.0
0,0,0,0
4,2,2,0.5
0,0,0,0
1,1,0,0.0
1,0,1,1.0
2,2,0,0.0
0,0,0,0
8,8,0,0.0
0,0,0,0
5,3,2,0.4
0,0,0,0
6,5,1,0.16666666666666666
7,6,1,0.14285714285714285
1,1,0,0.0
2,1,1,0.5
0,0,0,0
7,5,2,0.2857142857142857
1,1,0,0.0
0,0,0,0
0,0,0,0
3,2,1,0.3333333333333333
0,0,0,0
0,0,0,0
0,0,0,0
0,0,0,0
0,0,0,0
3,3,0,0.0
0,0,0,0
0,0,0,0
0,0,0,0
0,0,0,0
1,1,0,0.0
1,1,0,0.0
1,1,0,0.0
1,0,1,1.0
2,1,1,0.5
4,4,0,0.0
3,3,0,0.0
0,0,0,0
0,0,0,0
4,3,1,0.25
4,3,1,0.25
0,0,0,0
0,0,0,0
1,1,0,0.0
0,0,0,0
5,4,1,0.2
0,0,0,0
3,2,1,0.3333333333333333
0,0,0,0
0,0,0,0
1,1,0,0.0
0,0,0,0
6,6,0,0.0
0,0,0,0
0,0,0,0
3,2,1,0.3333333333333333
0,0,0,0
1,0,1,1.0
0,0,0,0
2,2,0,0.0
6,6,0,0.0
5,5,0,0.0
1,1,0,0.0
0,0,0,0
0,0,0,0
4,3,1,0.25
1,1,0,0.0
0,0,0,0
3,3,0,0.0
0,0,0,0
2,2,0,0.0
0,0,0,0
6,6,0,0.0
0,0,0,0
2,2,0,0.0
0,0,0,0
4,4,0,0.0
5,4,1,0.2
0,0,0,0
0,0,0,0
0,0,0,0
2,0,2,1.0
1,0,1,1.0
0,0,0,0
4,4,0,0.0
2,2,0,0.0
0,0,0,0
0,0,0,0
3,2,1,0.3333333333333333
0,0,0,0
0,0,0,0
0,0,0,0
2,1,1,0.5
1,1,0,0.0
0,0,0,0
1,0,1,1.0
1,1,0,0.0
5,5,0,0.0
2,2,0,0.0
4,4,0,0.0
1,0,1,1.0
0,0,0,0
0,0,0,0
0,0,0,0
2,0,2,1.0
0,0,0,0
1,1,0,0.0
0,0,0,0
4,4,0,0.0
1,0,1,1.0
5,5,0,0.0
2,2,0,0.0
5,5,0,0.0
3,3,0,0.0
3,1,2,0.6666666666666666
0,0,0,0
3,3,0,0.0
1,1,0,0.0
3,2,1,0.3333333333333333
0,0,0,0
0,0,0,0
1,1,0,0.0
4,4,0,0.0
1,1,0,0.0
1,0,1,1.0
0,0,0,0
0,0,0,0
0,0,0,0
1,1,0,0.0
0,0,0,0
0,0,0,0
0,0,0,0
1,1,0,0.0
0,0,0,0
0,0,0,0
1,0,1,1.0
0,0,0,0
0,0,0,0
0,0,0,0
6,6,0,0.0
6,6,0,0.0
0,0,0,0
2,2,0,0.0
4,3,1,0.25
2,1,1,0.5
1,1,0,0.0
1,0,1,1.0
0,0,0,0
1,1,0,0.0
0,0,0,0
2,2,0,0.0
3,3,0,0.0
0,0,0,0
4,3,1,0.25
0,0,0,0
1,1,0,0.0
0,0,0,0
0,0,0,0
1,0,1,1.0
0,0,0,0
1,1,0,0.0
2,2,0,0.0
0,0,0,0
0,0,0,0
1,1,0,0.0
0,0,0,0
0,0,0,0
0,0,0,0
0,0,0,0
3,2,1,0.3333333333333333
0,0,0,0
0,0,0,0
0,0,0,0
2,2,0,0.0
7,7,0,0.0
4,3,1,0.25
0,0,0,0
0,0,0,0
1,0,1,1.0
0,0,0,0
1,1,0,0.0
0,0,0,0
0,0,0,0
0,0,0,0
0,0,0,0
0,0,0,0
0,0,0,0
0,0,0,0
0,0,0,0
0,0,0,0
0,0,0,0
0,0,0,0
0,0,0,0
0,0,0,0
0,0,0,0
2,1,1,0.5
0,0,0,0
0,0,0,0
1,1,0,0.0
0,0,0,0
8,8,0,0.0
6,4,2,0.3333333333333333
1,1,0,0.0
0,0,0,0
1,1,0,0.0
0,0,0,0
0,0,0,0
1,1,0,0.0
1,0,1,1.0
0,0,0,0
0,0,0,0
0,0,0,0
0,0,0,0
5,5,0,0.0
0,0,0,0
0,0,0,0
0,0,0,0
6,6,0,0.0
4,4,0,0.0
1,0,1,1.0
1,1,0,0.0
3,1,2,0.6666666666666666
0,0,0,0
3,3,0,0.0
1,1,0,0.0
5,4,1,0.2
2,2,0,0.0
4,4,0,0.0
3,1,2,0.6666666666666666
3,3,0,0.0
3,3,0,0.0
0,0,0,0
3,3,0,0.0
0,0,0,0
2,1,1,0.5
5,3,2,0.4
0,0,0,0
3,2,1,0.3333333333333333
9,9,0,0.0
4,1,3,0.75
2,2,0,0.0
1,1,0,0.0
0,0,0,0
0,0,0,0
0,0,0,0
4,4,0,0.0
0,0,0,0
0,0,0,0
0,0,0,0
1,1,0,0.0
1,1,0,0.0
1,0,1,1.0
0,0,0,0
1,1,0,0.0
0,0,0,0
0,0,0,0
0,0,0,0
5,5,0,0.0
0,0,0,0
1,0,1,1.0
0,0,0,0
2,1,1,0.5
0,0,0,0
2,2,0,0.0
5,5,0,0.0
1,1,0,0.0
1,0,1,1.0
2,2,0,0.0
0,0,0,0
1,1,0,0.0
0,0,0,0
0,0,0,0
2,2,0,0.0
1,1,0,0.0
0,0,0,0
4,2,2,0.5
0,0,0,0
0,0,0,0
2,2,0,0.0
1,1,0,0.0
7,6,1,0.14285714285714285
5,3,2,0.4
1,0,1,1.0
0,0,0,0
3,3,0,0.0
0,0,0,0
1,1,0,0.0
3,3,0,0.0
1,1,0,0.0
2,2,0,0.0
1,1,0,0.0
3,2,1,0.3333333333333333
3,3,0,0.0
3,3,0,0.0
2,1,1,0.5
0,0,0,0
0,0,0,0
4,4,0,0.0
2,0,2,1.0
0,0,0,0
3,3,0,0.0
5,5,0,0.0
1,1,0,0.0
1,1,0,0.0
0,0,0,0
0,0,0,0
1,1,0,0.0
0,0,0,0
1,1,0,0.0
2,1,1,0.5
0,0,0,0
0,0,0,0
1,1,0,0.0
0,0,0,0
2,2,0,0.0
3,3,0,0.0
0,0,0,0
1,1,0,0.0
0,0,0,0
5,4,1,0.2
0,0,0,0
0,0,0,0
0,0,0,0
0,0,0,0
0,0,0,0
1,1,0,0.0
1,1,0,0.0
0,0,0,0
0,0,0,0
0,0,0,0
1,1,0,0.0
0,0,0,0
1,1,0,0.0
0,0,0,0
2,2,0,0.0
5,5,0,0.0
1,0,1,1.0
0,0,0,0
2,1,1,0.5
3,3,0,0.0
3,3,0,0.0
0,0,0,0
1,1,0,0.0
4,3,1,0.25
1,1,0,0.0
2,2,0,0.0
1,1,0,0.0
0,0,0,0
2,2,0,0.0
2,1,1,0.5
5,5,0,0.0
0,0,0,0
4,4,0,0.0
5,5,0,0.0
1,0,1,1.0
1,0,1,1.0
4,2,2,0.5
9,9,0,0.0
0,0,0,0
0,0,0,0
1,0,1,1.0
0,0,0,0
0,0,0,0
0,0,0,0
0,0,0,0
0,0,0,0
3,3,0,0.0
0,0,0,0
0,0,0,0
1,1,0,0.0
1,1,0,0.0
0,0,0,0
1,1,0,0.0
3,3,0,0.0
5,5,0,0.0
1,1,0,0.0
2,1,1,0.5
2,1,1,0.5
9,7,2,0.2222222222222222
5,5,0,0.0
0,0,0,0
2,1,1,0.5
0,0,0,0
2,1,1,0.5
0,0,0,0
3,3,0,0.0
2,1,1,0.5
1,1,0,0.0
0,0,0,0
0,0,0,0
1,0,1,1.0
4,4,0,0.0
0,0,0,0
3,1,2,0.6666666666666666
0,0,0,0
0,0,0,0
6,6,0,0.0
0,0,0,0
0,0,0,0
1,1,0,0.0
1,1,0,0.0
0,0,0,0
1,1,0,0.0
0,0,0,0
8,8,0,0.0
1,0,1,1.0
6,5,1,0.16666666666666666
2,2,0,0.0
0,0,0,0
2,2,0,0.0
2,2,0,0.0
0,0,0,0
0,0,0,0
0,0,0,0
7,5,2,0.2857142857142857
6,6,0,0.0
5,5,0,0.0
1,1,0,0.0
1,0,1,1.0
1,1,0,0.0
1,0,1,1.0
3,2,1,0.3333333333333333
9,9,0,0.0
1,1,0,0.0
0,0,0,0
0,0,0,0
2,2,0,0.0
6,6,0,0.0
0,0,0,0
0,0,0,0
0,0,0,0
4,3,1,0.25
1,1,0,0.0
1,1,0,0.0
0,0,0,0
4,4,0,0.0
1,1,0,0.0
0,0,0,0
0,0,0,0
5,5,0,0.0
0,0,0,0
0,0,0,0
1,1,0,0.0
7,7,0,0.0
0,0,0,0
0,0,0,0
1,1,0,0.0
0,0,0,0
0,0,0,0
1,0,1,1.0
0,0,0,0
0,0,0,0
6,3,3,0.5
3,3,0,0.0
0,0,0,0
1,1,0,0.0
0,0,0,0
2,2,0,0.0
3,3,0,0.0
0,0,0,0
1,1,0,0.0
0,0,0,0
5,4,1,0.2
0,0,0,0
0,0,0,0
1,1,0,0.0
7,6,1,0.14285714285714285
0,0,0,0
2,1,1,0.5
5,5,0,0.0
2,2,0,0.0
8,8,0,0.0
0,0,0,0
0,0,0,0
0,0,0,0
3,1,2,0.6666666666666666
0,0,0,0
0,0,0,0
8,7,1,0.125
1,1,0,0.0
0,0,0,0
7,7,0,0.0
1,1,0,0.0
0,0,0,0
2,1,1,0.5
0,0,0,0
1,0,1,1.0
0,0,0,0
1,1,0,0.0
1,1,0,0.0
0,0,0,0
0,0,0,0
6,6,0,0.0
1,0,1,1.0
2,2,0,0.0
0,0,0,0
0,0,0,0
0,0,0,0
3,3,0,0.0
0,0,0,0
0,0,0,0
2,1,1,0.5
0,0,0,0
5,5,0,0.0
0,0,0,0
2,2,0,0.0
2,2,0,0.0
0,0,0,0
0,0,0,0
0,0,0,0
1,1,0,0.0
5,3,2,0.4
0,0,0,0
0,0,0,0
1,1,0,0.0
7,5,2,0.2857142857142857
0,0,0,0
0,0,0,0
7,7,0,0.0
0,0,0,0
0,0,0,0
0,0,0,0
1,0,1,1.0
5,5,0,0.0
0,0,0,0
2,2,0,0.0
0,0,0,0
2,2,0,0.0
2,2,0,0.0
0,0,0,0
0,0,0,0
0,0,0,0
1,1,0,0.0
1,1,0,0.0
1,1,0,0.0
2,2,0,0.0
5,5,0,0.0
0,0,0,0
3,3,0,0.0
2,1,1,0.5
3,1,2,0.6666666666666666
0,0,0,0
0,0,0,0
0,0,0,0
2,2,0,0.0
1,1,0,0.0
0,0,0,0
0,0,0,0
2,2,0,0.0
0,0,0,0
2,2,0,0.0
0,0,0,0
0,0,0,0
0,0,0,0
1,1,0,0.0
4,4,0,0.0
2,2,0,0.0
0,0,0,0
2,2,0,0.0
0,0,0,0
0,0,0,0
8,7,1,0.125
0,0,0,0
1,1,0,0.0
4,4,0,0.0
2,1,1,0.5
0,0,0,0
2,2,0,0.0
0,0,0,0
1,1,0,0.0
2,1,1,0.5
0,0,0,0
0,0,0,0
0,0,0,0
0,0,0,0
2,1,1,0.5
0,0,0,0
3,3,0,0.0
1,0,1,1.0
0,0,0,0
4,3,1,0.25
0,0,0,0
3,3,0,0.0
8,8,0,0.0
3,3,0,0.0
0,0,0,0
4,4,0,0.0
6,3,3,0.5
0,0,0,0
5,5,0,0.0
1,1,0,0.0
0,0,0,0
0,0,0,0
4,3,1,0.25
0,0,0,0
1,1,0,0.0
0,0,0,0
0,0,0,0
4,3,1,0.25
2,2,0,0.0
1,1,0,0.0
0,0,0,0
0,0,0,0
3,3,0,0.0
0,0,0,0
0,0,0,0
0,0,0,0
0,0,0,0
0,0,0,0
0,0,0,0
0,0,0,0
2,1,1,0.5
5,3,2,0.4
2,1,1,0.5
0,0,0,0
0,0,0,0
1,1,0,0.0
1,1,0,0.0
2,2,0,0.0
0,0,0,0
2,1,1,0.5
1,1,0,0.0
2,2,0,0.0
4,4,0,0.0
1,1,0,0.0
0,0,0,0
1,1,0,0.0
0,0,0,0
6,6,0,0.0
1,1,0,0.0
0,0,0,0
1,1,0,0.0
1,1,0,0.0
4,3,1,0.25
0,0,0,0
0,0,0,0
2,1,1,0.5
2,2,0,0.0
0,0,0,0
0,0,0,0
0,0,0,0
0,0,0,0
2,2,0,0.0
2,2,0,0.0
1,1,0,0.0
3,1,2,0.6666666666666666
2,2,0,0.0
5,3,2,0.4
0,0,0,0
0,0,0,0
0,0,0,0
4,2,2,0.5
5,3,2,0.4
5,5,0,0.0
1,1,0,0.0
2,2,0,0.0
0,0,0,0
0,0,0,0
1,1,0,0.0
1,1,0,0.0
0,0,0,0
6,5,1,0.16666666666666666
1,0,1,1.0
0,0,0,0
1,1,0,0.0
5,5,0,0.0
5,3,2,0.4
1,0,1,1.0
0,0,0,0
1,1,0,0.0
4,4,0,0.0
3,3,0,0.0
0,0,0,0
0,0,0,0
0,0,0,0
0,0,0,0
6,6,0,0.0
0,0,0,0
1,0,1,1.0
0,0,0,0
9,8,1,0.1111111111111111
0,0,0,0
0,0,0,0
3,3,0,0.0
0,0,0,0
0,0,0,0
0,0,0,0
4,4,0,0.0
0,0,0,0
2,2,0,0.0
0,0,0,0
0,0,0,0
0,0,0,0
0,0,0,0
0,0,0,0
0,0,0,0
4,4,0,0.0
0,0,0,0
1,1,0,0.0
4,4,0,0.0
1,0,1,1.0
0,0,0,0
3,3,0,0.0
0,0,0,0
2,2,0,0.0
2,2,0,0.0
0,0,0,0
0,0,0,0
7,7,0,0.0
0,0,0,0
3,3,0,0.0
0,0,0,0
0,0,0,0
3,3,0,0.0
0,0,0,0
0,0,0,0
1,0,1,1.0
8,7,1,0.125
5,3,2,0.4
0,0,0,0
0,0,0,0
1,1,0,0.0
0,0,0,0
4,4,0,0.0
0,0,0,0
0,0,0,0
0,0,0,0
1,1,0,0.0
0,0,0,0
1,1,0,0.0
0,0,0,0
1,0,1,1.0
0,0,0,0
1,1,0,0.0
3,3,0,0.0
0,0,0,0
0,0,0,0
0,0,0,0
5,5,0,0.0
1,1,0,0.0
0,0,0,0
1,0,1,1.0
0,0,0,0
0,0,0,0
0,0,0,0
0,0,0,0
0,0,0,0
0,0,0,0
1,0,1,1.0
6,6,0,0.0
1,1,0,0.0
0,0,0,0
0,0,0,0
5,5,0,0.0
2,2,0,0.0
0,0,0,0
0,0,0,0
3,3,0,0.0
0,0,0,0
3,3,0,0.0
5,4,1,0.2
1,0,1,1.0
0,0,0,0
1,1,0,0.0
0,0,0,0
0,0,0,0
3,3,0,0.0
5,5,0,0.0
0,0,0,0
2,2,0,0.0
0,0,0,0
0,0,0,0
0,0,0,0
1,1,0,0.0
2,2,0,0.0
0,0,0,0
0,0,0,0
0,0,0,0
0,0,0,0
3,2,1,0.3333333333333333
0,0,0,0
1,0,1,1.0
3,2,1,0.3333333333333333
3,3,0,0.0
0,0,0,0
2,2,0,0.0
3,1,2,0.6666666666666666
1,0,1,1.0
3,2,1,0.3333333333333333
3,3,0,0.0
6,6,0,0.0
0,0,0,0
0,0,0,0
0,0,0,0
0,0,0,0
0,0,0,0
5,5,0,0.0
6,4,2,0.3333333333333333
0,0,0,0
1,1,0,0.0
0,0,0,0
2,2,0,0.0
3,2,1,0.3333333333333333
6,3,3,0.5
6,5,1,0.16666666666666666
1,1,0,0.0
3,2,1,0.3333333333333333
0,0,0,0
1,1,0,0.0
0,0,0,0
3,3,0,0.0
1,1,0,0.0
0,0,0,0
6,6,0,0.0
3,1,2,0.6666666666666666
0,0,0,0
0,0,0,0
1,1,0,0.0
1,1,0,0.0
0,0,0,0
0,0,0,0
0,0,0,0
0,0,0,0
6,4,2,0.3333333333333333
0,0,0,0
0,0,0,0
2,0,2,1.0
0,0,0,0
1,1,0,0.0
5,3,2,0.4
3,3,0,0.0
5,3,2,0.4
1,1,0,0.0
1,1,0,0.0
7,7,0,0.0
0,0,0,0
0,0,0,0
2,2,0,0.0
0,0,0,0
2,2,0,0.0
0,0,0,0
1,1,0,0.0
0,0,0,0
0,0,0,0
3,3,0,0.0
8,4,4,0.5
3,2,1,0.3333333333333333
0,0,0,0
1,1,0,0.0
2,1,1,0.5
0,0,0,0
3,3,0,0.0
1,1,0,0.0
0,0,0,0
0,0,0,0
2,2,0,0.0
1,1,0,0.0
0,0,0,0
0,0,0,0
2,2,0,0.0
10,9,1,0.1
4,3,1,0.25
2,0,2,1.0
6,6,0,0.0
0,0,0,0
0,0,0,0
1,1,0,0.0
1,1,0,0.0
0,0,0,0
2,1,1,0.5
0,0,0,0
0,0,0,0
0,0,0,0
0,0,0,0
1,1,0,0.0
2,1,1,0.5
0,0,0,0
6,5,1,0.16666666666666666
0,0,0,0
0,0,0,0
2,1,1,0.5
0,0,0,0
1,1,0,0.0
0,0,0,0
3,2,1,0.3333333333333333
2,2,0,0.0
0,0,0,0
10,9,1,0.1
0,0,0,0
2,2,0,0.0
3,3,0,0.0
0,0,0,0
0,0,0,0
0,0,0,0
0,0,0,0
0,0,0,0
0,0,0,0
2,1,1,0.5
1,1,0,0.0
3,3,0,0.0
5,5,0,0.0
7,7,0,0.0
0,0,0,0
1,1,0,0.0
0,0,0,0
1,1,0,0.0
1,0,1,1.0
0,0,0,0
1,1,0,0.0
0,0,0,0
7,7,0,0.0
1,0,1,1.0
7,7,0,0.0
0,0,0,0
4,4,0,0.0
4,4,0,0.0
3,3,0,0.0
0,0,0,0
0,0,0,0
0,0,0,0
0,0,0,0
2,2,0,0.0
2,2,0,0.0
1,0,1,1.0
0,0,0,0
0,0,0,0
1,0,1,1.0
1,0,1,1.0
0,0,0,0
0,0,0,0
0,0,0,0
5,3,2,0.4
0,0,0,0
2,0,2,1.0
3,3,0,0.0
0,0,0,0
2,2,0,0.0
1,1,0,0.0
0,0,0,0
1,0,1,1.0
0,0,0,0
0,0,0,0
8,8,0,0.0
3,3,0,0.0
4,3,1,0.25
7,7,0,0.0
1,1,0,0.0
1,1,0,0.0
0,0,0,0
0,0,0,0
5,5,0,0.0
0,0,0,0
0,0,0,0
4,4,0,0.0
0,0,0,0
8,8,0,0.0
1,1,0,0.0
6,5,1,0.16666666666666666
0,0,0,0
4,4,0,0.0
0,0,0,0
0,0,0,0
0,0,0,0
0,0,0,0
3,1,2,0.6666666666666666
2,2,0,0.0
3,3,0,0.0
0,0,0,0
1,1,0,0.0
3,3,0,0.0
0,0,0,0
0,0,0,0
2,2,0,0.0
3,3,0,0.0
2,1,1,0.5
5,4,1,0.2
0,0,0,0
0,0,0,0
1,1,0,0.0
3,3,0,0.0
10,9,1,0.1
0,0,0,0
3,3,0,0.0
1,0,1,1.0
0,0,0,0
0,0,0,0
1,1,0,0.0
0,0,0,0
3,3,0,0.0
0,0,0,0
2,2,0,0.0
8,7,1,0.125
0,0,0,0
2,1,1,0.5
2,1,1,0.5
6,6,0,0.0
1,0,1,1.0
5,5,0,0.0
0,0,0,0
4,3,1,0.25
1,1,0,0.0
3,2,1,0.3333333333333333
2,1,1,0.5
0,0,0,0
0,0,0,0
1,0,1,1.0
0,0,0,0
5,5,0,0.0
2,2,0,0.0
0,0,0,0
0,0,0,0
7,5,2,0.2857142857142857
6,3,3,0.5
6,6,0,0.0
0,0,0,0
0,0,0,0
0,0,0,0
0,0,0,0
4,3,1,0.25
0,0,0,0
3,3,0,0.0
0,0,0,0
0,0,0,0
1,0,1,1.0
0,0,0,0
2,2,0,0.0
0,0,0,0
3,2,1,0.3333333333333333
1,1,0,0.0
0,0,0,0
9,9,0,0.0
0,0,0,0
4,3,1,0.25
0,0,0,0
0,0,0,0
0,0,0,0
0,0,0,0
0,0,0,0
0,0,0,0
1,0,1,1.0
1,1,0,0.0
2,2,0,0.0
0,0,0,0
0,0,0,0
5,5,0,0.0
3,0,3,1.0
1,0,1,1.0
0,0,0,0
4,4,0,0.0
8,5,3,0.375
0,0,0,0
0,0,0,0
2,2,0,0.0
1,1,0,0.0
2,1,1,0.5
6,6,0,0.0
0,0,0,0
5,3,2,0.4
0,0,0,0
1,1,0,0.0
1,1,0,0.0
0,0,0,0
1,1,0,0.0
1,0,1,1.0
3,3,0,0.0
1,1,0,0.0
1,1,0,0.0
2,1,1,0.5
1,0,1,1.0
0,0,0,0
5,4,1,0.2
0,0,0,0
0,0,0,0
2,1,1,0.5
0,0,0,0
0,0,0,0
4,4,0,0.0
3,2,1,0.3333333333333333
0,0,0,0
2,1,1,0.5
0,0,0,0
0,0,0,0
0,0,0,0
1,1,0,0.0
2,0,2,1.0
4,4,0,0.0
10,9,1,0.1
0,0,0,0
1,1,0,0.0
1,0,1,1.0
0,0,0,0
5,4,1,0.2
0,0,0,0
0,0,0,0
0,0,0,0
3,2,1,0.3333333333333333
3,3,0,0.0
0,0,0,0
1,0,1,1.0
1,1,0,0.0
1,1,0,0.0
0,0,0,0
0,0,0,0
0,0,0,0
4,3,1,0.25
0,0,0,0
2,1,1,0.5
0,0,0,0
0,0,0,0
2,1,1,0.5
0,0,0,0
4,4,0,0.0
2,2,0,0.0
1,1,0,0.0
0,0,0,0
0,0,0,0
3,3,0,0.0
3,2,1,0.3333333333333333
0,0,0,0
1,1,0,0.0
1,0,1,1.0
1,0,1,1.0
0,0,0,0
1,1,0,0.0
10,9,1,0.1
0,0,0,0
2,2,0,0.0
2,1,1,0.5
6,6,0,0.0
0,0,0,0
0,0,0,0
2,2,0,0.0
3,3,0,0.0
8,6,2,0.25
2,2,0,0.0
6,6,0,0.0
3,2,1,0.3333333333333333
1,0,1,1.0
1,1,0,0.0
0,0,0,0
0,0,0,0
5,5,0,0.0
2,2,0,0.0
1,1,0,0.0
0,0,0,0
4,3,1,0.25
0,0,0,0
0,0,0,0
1,1,0,0.0
1,1,0,0.0
1,1,0,0.0
0,0,0,0
1,1,0,0.0
1,1,0,0.0
0,0,0,0
0,0,0,0
1,0,1,1.0
0,0,0,0
0,0,0,0
0,0,0,0
4,3,1,0.25
2,2,0,0.0
4,4,0,0.0
8,7,1,0.125
0,0,0,0
6,5,1,0.16666666666666666
0,0,0,0
0,0,0,0
4,4,0,0.0
0,0,0,0
5,5,0,0.0
3,3,0,0.0
1,1,0,0.0
3,3,0,0.0
5,4,1,0.2
1,1,0,0.0
0,0,0,0
0,0,0,0
2,2,0,0.0
0,0,0,0
0,0,0,0
0,0,0,0
1,0,1,1.0
0,0,0,0
0,0,0,0
0,0,0,0
9,9,0,0.0
0,0,0,0
0,0,0,0
5,4,1,0.2
0,0,0,0
1,1,0,0.0
1,0,1,1.0
7,7,0,0.0
1,1,0,0.0
0,0,0,0
8,7,1,0.125
1,1,0,0.0
0,0,0,0
0,0,0,0
0,0,0,0
0,0,0,0
0,0,0,0
0,0,0,0
5,3,2,0.4
0,0,0,0
0,0,0,0
6,6,0,0.0
0,0,0,0
1,1,0,0.0
1,1,0,0.0
1,0,1,1.0
0,0,0,0
5,4,1,0.2
3,3,0,0.0
2,2,0,0.0
0,0,0,0
7,6,1,0.14285714285714285
0,0,0,0
0,0,0,0
0,0,0,0
0,0,0,0
7,7,0,0.0
0,0,0,0
8,5,3,0.375
0,0,0,0
0,0,0,0
0,0,0,0
2,1,1,0.5
0,0,0,0
0,0,0,0
0,0,0,0
1,1,0,0.0
0,0,0,0
3,3,0,0.0
0,0,0,0
2,2,0,0.0
0,0,0,0
5,3,2,0.4
4,4,0,0.0
0,0,0,0
2,1,1,0.5
1,1,0,0.0
0,0,0,0
0,0,0,0
0,0,0,0
0,0,0,0
1,0,1,1.0
0,0,0,0
1,1,0,0.0
2,2,0,0.0
3,3,0,0.0
0,0,0,0
7,6,1,0.14285714285714285
2,0,2,1.0
0,0,0,0
0,0,0,0
1,1,0,0.0
1,1,0,0.0
5,5,0,0.0
2,1,1,0.5
3,3,0,0.0
0,0,0,0
0,0,0,0
0,0,0,0
0,0,0,0
0,0,0,0
0,0,0,0
0,0,0,0
0,0,0,0
1,1,0,0.0
0,0,0,0
1,1,0,0.0
4,4,0,0.0
0,0,0,0
0,0,0,0
2,2,0,0.0
0,0,0,0
3,3,0,0.0
1,0,1,1.0
0,0,0,0
0,0,0,0
2,2,0,0.0
0,0,0,0
0,0,0,0
1,1,0,0.0
3,3,0,0.0
0,0,0,0
2,2,0,0.0
4,4,0,0.0
0,0,0,0
0,0,0,0
0,0,0,0
0,0,0,0
0,0,0,0
0,0,0,0
0,0,0,0
2,2,0,0.0
0,0,0,0
3,3,0,0.0
0,0,0,0
0,0,0,0
2,2,0,0.0
0,0,0,0
0,0,0,0
4,4,0,0.0
0,0,0,0
1,1,0,0.0
0,0,0,0
2,0,2,1.0
4,3,1,0.25
0,0,0,0
0,0,0,0
0,0,0,0
2,2,0,0.0
0,0,0,0
1,1,0,0.0
0,0,0,0
3,3,0,0.0
0,0,0,0
0,0,0,0
0,0,0,0
2,2,0,0.0
4,2,2,0.5
0,0,0,0
0,0,0,0
0,0,0,0
0,0,0,0
3,3,0,0.0
2,1,1,0.5
2,1,1,0.5
4,4,0,0.0
4,3,1,0.25
0,0,0,0
5,4,1,0.2
6,6,0,0.0
3,2,1,0.3333333333333333
0,0,0,0
5,5,0,0.0
0,0,0,0
2,1,1,0.5
1,1,0,0.0
2,2,0,0.0
0,0,0,0
5,4,1,0.2
0,0,0,0
0,0,0,0
2,2,0,0.0
1,1,0,0.0
2,0,2,1.0
2,1,1,0.5
0,0,0,0
1,0,1,1.0
1,1,0,0.0
6,4,2,0.3333333333333333
5,5,0,0.0
0,0,0,0
1,1,0,0.0
8,7,1,0.125
1,1,0,0.0
0,0,0,0
0,0,0,0
1,1,0,0.0
0,0,0,0
2,2,0,0.0
1,1,0,0.0
0,0,0,0
0,0,0,0
1,1,0,0.0
2,2,0,0.0
1,0,1,1.0
0,0,0,0
6,6,0,0.0
8,8,0,0.0
6,4,2,0.3333333333333333
4,4,0,0.0
0,0,0,0
3,3,0,0.0
1,0,1,1.0
0,0,0,0
2,2,0,0.0
0,0,0,0
0,0,0,0
6,4,2,0.3333333333333333
0,0,0,0
2,1,1,0.5
0,0,0,0
0,0,0,0
0,0,0,0
1,1,0,0.0
1,1,0,0.0
1,1,0,0.0
1,1,0,0.0
4,3,1,0.25
1,1,0,0.0
0,0,0,0
0,0,0,0
0,0,0,0
3,3,0,0.0
0,0,0,0
1,1,0,0.0
0,0,0,0
5,5,0,0.0
2,2,0,0.0
7,6,1,0.14285714285714285
4,3,1,0.25
5,4,1,0.2
7,4,3,0.42857142857142855
2,2,0,0.0
1,0,1,1.0
0,0,0,0
0,0,0,0
0,0,0,0
4,4,0,0.0
0,0,0,0
3,1,2,0.6666666666666666
0,0,0,0
4,3,1,0.25
0,0,0,0
0,0,0,0
0,0,0,0
0,0,0,0
8,8,0,0.0
0,0,0,0
2,2,0,0.0
1,1,0,0.0
0,0,0,0
0,0,0,0
4,3,1,0.25
0,0,0,0
0,0,0,0
0,0,0,0
0,0,0,0
2,2,0,0.0
0,0,0,0
0,0,0,0
6,3,3,0.5
0,0,0,0
1,1,0,0.0
0,0,0,0
1,1,0,0.0
0,0,0,0
2,2,0,0.0
1,1,0,0.0
0,0,0,0
0,0,0,0
0,0,0,0
3,2,1,0.3333333333333333
5,2,3,0.6
0,0,0,0
0,0,0,0
0,0,0,0
5,5,0,0.0
4,2,2,0.5
1,1,0,0.0
0,0,0,0
2,0,2,1.0
0,0,0,0
5,4,1,0.2
0,0,0,0
2,2,0,0.0
1,0,1,1.0
1,1,0,0.0
5,4,1,0.2
4,4,0,0.0
0,0,0,0
2,2,0,0.0
8,8,0,0.0
0,0,0,0
0,0,0,0
5,5,0,0.0
1,1,0,0.0
0,0,0,0
2,1,1,0.5
2,1,1,0.5
2,2,0,0.0
9,5,4,0.4444444444444444
0,0,0,0
0,0,0,0
0,0,0,0
1,1,0,0.0
4,4,0,0.0
0,0,0,0
0,0,0,0
1,1,0,0.0
4,3,1,0.25
0,0,0,0
3,3,0,0.0
0,0,0,0
0,0,0,0
1,0,1,1.0
2,2,0,0.0
1,0,1,1.0
0,0,0,0
5,4,1,0.2
5,5,0,0.0
0,0,0,0
4,4,0,0.0
2,1,1,0.5
4,3,1,0.25
0,0,0,0
4,3,1,0.25
0,0,0,0
0,0,0,0
0,0,0,0
3,3,0,0.0
0,0,0,0
0,0,0,0
0,0,0,0
7,7,0,0.0
0,0,0,0
0,0,0,0
2,2,0,0.0
2,1,1,0.5
6,5,1,0.16666666666666666
2,1,1,0.5
1,1,0,0.0
4,3,1,0.25
0,0,0,0
0,0,0,0
1,0,1,1.0
1,1,0,0.0
1,0,1,1.0
0,0,0,0
0,0,0,0
0,0,0,0
0,0,0,0
0,0,0,0
0,0,0,0
1,1,0,0.0
0,0,0,0
5,4,1,0.2
0,0,0,0
0,0,0,0
0,0,0,0
3,3,0,0.0
6,6,0,0.0
6,5,1,0.16666666666666666
4,4,0,0.0
0,0,0,0
0,0,0,0
0,0,0,0
0,0,0,0
8,7,1,0.125
0,0,0,0
0,0,0,0
4,3,1,0.25
3,2,1,0.3333333333333333
6,5,1,0.16666666666666666
0,0,0,0
0,0,0,0
3,3,0,0.0
3,3,0,0.0
0,0,0,0
3,1,2,0.6666666666666666
2,1,1,0.5
2,2,0,0.0
0,0,0,0
0,0,0,0
0,0,0,0
0,0,0,0
0,0,0,0
0,0,0,0
0,0,0,0
1,1,0,0.0
0,0,0,0
1,1,0,0.0
2,2,0,0.0
2,2,0,0.0
0,0,0,0
1,1,0,0.0
1,0,1,1.0
1,1,0,0.0
8,8,0,0.0
0,0,0,0
2,2,0,0.0
0,0,0,0
0,0,0,0
0,0,0,0
0,0,0,0
0,0,0,0
3,2,1,0.3333333333333333
0,0,0,0
0,0,0,0
0,0,0,0
3,3,0,0.0
4,4,0,0.0
9,7,2,0.2222222222222222
0,0,0,0
3,3,0,0.0
0,0,0,0
0,0,0,0
0,0,0,0
0,0,0,0
1,1,0,0.0
0,0,0,0
3,3,0,0.0
2,2,0,0.0
6,5,1,0.16666666666666666
0,0,0,0
1,1,0,0.0
0,0,0,0
2,2,0,0.0
2,2,0,0.0
0,0,0,0
1,1,0,0.0
0,0,0,0
0,0,0,0
2,1,1,0.5
0,0,0,0
0,0,0,0
2,1,1,0.5
0,0,0,0
0,0,0,0
1,1,0,0.0
0,0,0,0
0,0,0,0
1,1,0,0.0
1,1,0,0.0
0,0,0,0
0,0,0,0
1,1,0,0.0
3,3,0,0.0
0,0,0,0
1,1,0,0.0
2,2,0,0.0
2,2,0,0.0
2,2,0,0.0
0,0,0,0
1,1,0,0.0
1,1,0,0.0
2,1,1,0.5
4,3,1,0.25
6,3,3,0.5
7,4,3,0.42857142857142855
9,9,0,0.0
0,0,0,0
3,2,1,0.3333333333333333
2,1,1,0.5
0,0,0,0
8,7,1,0.125
9,9,0,0.0
2,2,0,0.0
3,2,1,0.3333333333333333
0,0,0,0
3,2,1,0.3333333333333333
1,0,1,1.0
0,0,0,0
0,0,0,0
0,0,0,0
2,1,1,0.5
2,2,0,0.0
0,0,0,0
0,0,0,0
0,0,0,0
7,7,0,0.0
0,0,0,0
0,0,0,0
2,1,1,0.5
1,0,1,1.0
0,0,0,0
7,7,0,0.0
0,0,0,0
0,0,0,0
1,1,0,0.0
3,2,1,0.3333333333333333
2,2,0,0.0
3,2,1,0.3333333333333333
0,0,0,0
1,0,1,1.0
0,0,0,0
0,0,0,0
4,4,0,0.0
0,0,0,0
1,1,0,0.0
4,3,1,0.25
0,0,0,0
2,2,0,0.0
1,1,0,0.0
1,1,0,0.0
0,0,0,0
0,0,0,0
0,0,0,0
6,6,0,0.0
0,0,0,0
0,0,0,0
0,0,0,0
0,0,0,0
1,1,0,0.0
3,2,1,0.3333333333333333
1,1,0,0.0
2,1,1,0.5
1,1,0,0.0
1,1,0,0.0
0,0,0,0
7,7,0,0.0
0,0,0,0
1,0,1,1.0
3,2,1,0.3333333333333333
2,2,0,0.0
2,1,1,0.5
7,7,0,0.0
0,0,0,0
2,2,0,0.0
1,1,0,0.0
0,0,0,0
0,0,0,0
0,0,0,0
2,2,0,0.0
0,0,0,0
0,0,0,0
1,0,1,1.0
0,0,0,0
2,2,0,0.0
2,1,1,0.5
1,1,0,0.0
1,1,0,0.0
0,0,0,0
1,1,0,0.0
4,3,1,0.25
0,0,0,0
0,0,0,0
0,0,0,0
0,0,0,0
0,0,0,0
1,0,1,1.0
0,0,0,0
5,5,0,0.0
2,2,0,0.0
0,0,0,0
2,2,0,0.0
0,0,0,0
2,1,1,0.5
0,0,0,0
2,1,1,0.5
4,2,2,0.5
6,6,0,0.0
1,0,1,1.0
0,0,0,0
4,3,1,0.25
0,0,0,0
3,2,1,0.3333333333333333
3,2,1,0.3333333333333333
2,2,0,0.0
2,2,0,0.0
3,3,0,0.0
2,2,0,0.0
0,0,0,0
7,7,0,0.0
0,0,0,0
0,0,0,0
1,1,0,0.0
0,0,0,0
0,0,0,0
7,7,0,0.0
6,6,0,0.0
1,0,1,1.0
0,0,0,0
0,0,0,0
1,0,1,1.0
0,0,0,0
2,2,0,0.0
3,3,0,0.0
4,3,1,0.25
1,1,0,0.0
1,1,0,0.0
0,0,0,0
1,0,1,1.0
1,0,1,1.0
1,1,0,0.0
2,1,1,0.5
0,0,0,0
0,0,0,0
0,0,0,0
4,4,0,0.0
0,0,0,0
1,0,1,1.0
0,0,0,0
8,7,1,0.125
3,2,1,0.3333333333333333
0,0,0,0
3,3,0,0.0
3,3,0,0.0
0,0,0,0
1,0,1,1.0
3,3,0,0.0
0,0,0,0
5,5,0,0.0
3,3,0,0.0
4,3,1,0.25
2,1,1,0.5
3,3,0,0.0
0,0,0,0
0,0,0,0
1,1,0,0.0
7,7,0,0.0
0,0,0,0
1,1,0,0.0
5,4,1,0.2
0,0,0,0
0,0,0,0
0,0,0,0
0,0,0,0
0,0,0,0
0,0,0,0
2,1,1,0.5
6,5,1,0.16666666666666666
0,0,0,0
1,1,0,0.0
0,0,0,0
2,2,0,0.0
0,0,0,0
0,0,0,0
1,1,0,0.0
0,0,0,0
0,0,0,0
2,2,0,0.0
0,0,0,0
0,0,0,0
0,0,0,0
0,0,0,0
1,1,0,0.0
3,3,0,0.0
0,0,0,0
2,2,0,0.0
0,0,0,0
1,1,0,0.0
0,0,0,0
1,1,0,0.0
2,1,1,0.5
3,3,0,0.0
0,0,0,0
4,3,1,0.25
0,0,0,0
0,0,0,0
2,2,0,0.0
0,0,0,0
4,4,0,0.0
3,3,0,0.0
0,0,0,0
2,0,2,1.0
2,2,0,0.0
0,0,0,0
0,0,0,0
0,0,0,0
0,0,0,0
3,3,0,0.0
1,1,0,0.0
0,0,0,0
9,9,0,0.0
0,0,0,0
1,0,1,1.0
0,0,0,0
1,1,0,0.0
1,1,0,0.0
0,0,0,0
0,0,0,0
5,5,0,0.0
1,1,0,0.0
0,0,0,0
2,2,0,0.0
0,0,0,0
0,0,0,0
3,3,0,0.0
0,0,0,0
0,0,0,0
0,0,0,0
4,3,1,0.25
2,2,0,0.0
0,0,0,0
3,2,1,0.3333333333333333
1,0,1,1.0
0,0,0,0
1,1,0,0.0
6,6,0,0.0
0,0,0,0
0,0,0,0
2,2,0,0.0
0,0,0,0
1,1,0,0.0
0,0,0,0
1,1,0,0.0
0,0,0,0
0,0,0,0
0,0,0,0
7,7,0,0.0
2,2,0,0.0
2,2,0,0.0
0,0,0,0
0,0,0,0
2,2,0,0.0
6,6,0,0.0
2,2,0,0.0
0,0,0,0
3,1,2,0.6666666666666666
0,0,0,0
0,0,0,0
3,1,2,0.6666666666666666
0,0,0,0
0,0,0,0
3,3,0,0.0
0,0,0,0
0,0,0,0
2,1,1,0.5
0,0,0,0
1,1,0,0.0
2,2,0,0.0
1,0,1,1.0
0,0,0,0
2,2,0,0.0
8,8,0,0.0
1,0,1,1.0
1,1,0,0.0
0,0,0,0
2,2,0,0.0
0,0,0,0
0,0,0,0
3,3,0,0.0
5,4,1,0.2
3,3,0,0.0
1,1,0,0.0
0,0,0,0
8,8,0,0.0
0,0,0,0
0,0,0,0
0,0,0,0
2,2,0,0.0
0,0,0,0
4,3,1,0.25
0,0,0,0
0,0,0,0
1,0,1,1.0
3,3,0,0.0
10,9,1,0.1
0,0,0,0
2,2,0,0.0
0,0,0,0
0,0,0,0
0,0,0,0
1,1,0,0.0
0,0,0,0
1,1,0,0.0
0,0,0,0
1,1,0,0.0
2,2,0,0.0
3,3,0,0.0
0,0,0,0
4,3,1,0.25
5,5,0,0.0
4,4,0,0.0
6,4,2,0.3333333333333333
0,0,0,0
0,0,0,0
0,0,0,0
1,1,0,0.0
0,0,0,0
5,3,2,0.4
0,0,0,0
2,2,0,0.0
0,0,0,0
4,2,2,0.5
0,0,0,0
5,5,0,0.0
0,0,0,0
0,0,0,0
0,0,0,0
1,1,0,0.0
0,0,0,0
4,4,0,0.0
1,0,1,1.0
1,1,0,0.0
2,2,0,0.0
1,1,0,0.0
0,0,0,0
1,1,0,0.0
1,1,0,0.0
1,1,0,0.0
0,0,0,0
1,1,0,0.0
0,0,0,0
2,1,1,0.5
10,9,1,0.1
0,0,0,0
0,0,0,0
1,1,0,0.0
0,0,0,0
0,0,0,0
2,1,1,0.5
0,0,0,0
0,0,0,0
1,1,0,0.0
0,0,0,0
1,0,1,1.0
1,0,1,1.0
4,4,0,0.0
1,1,0,0.0
0,0,0,0
0,0,0,0
0,0,0,0
0,0,0,0
0,0,0,0
6,6,0,0.0
2,2,0,0.0
0,0,0,0
0,0,0,0
1,1,0,0.0
1,1,0,0.0
8,6,2,0.25
0,0,0,0
2,1,1,0.5
0,0,0,0
0,0,0,0
4,2,2,0.5
0,0,0,0
0,0,0,0
3,2,1,0.3333333333333333
0,0,0,0
2,2,0,0.0
3,3,0,0.0
0,0,0,0
2,2,0,0.0
1,1,0,0.0
4,4,0,0.0
0,0,0,0
0,0,0,0
0,0,0,0
2,2,0,0.0
3,3,0,0.0
2,1,1,0.5
0,0,0,0
1,1,0,0.0
10,9,1,0.1
1,1,0,0.0
1,1,0,0.0
1,0,1,1.0
1,1,0,0.0
3,3,0,0.0
1,1,0,0.0
0,0,0,0
2,1,1,0.5
4,4,0,0.0
4,3,1,0.25
0,0,0,0
0,0,0,0
4,4,0,0.0
2,2,0,0.0
0,0,0,0
0,0,0,0
4,3,1,0.25
0,0,0,0
0,0,0,0
1,1,0,0.0
2,1,1,0.5
3,3,0,0.0
0,0,0,0
5,5,0,0.0
0,0,0,0
0,0,0,0
1,1,0,0.0
0,0,0,0
0,0,0,0
0,0,0,0
0,0,0,0
0,0,0,0
9,8,1,0.1111111111111111
6,6,0,0.0
0,0,0,0
0,0,0,0
0,0,0,0
0,0,0,0
0,0,0,0
0,0,0,0
5,5,0,0.0
4,4,0,0.0
1,1,0,0.0
0,0,0,0
0,0,0,0
2,2,0,0.0
0,0,0,0
0,0,0,0
0,0,0,0
0,0,0,0
0,0,0,0
0,0,0,0
0,0,0,0
0,0,0,0
1,1,0,0.0
3,3,0,0.0
2,2,0,0.0
2,2,0,0.0
2,2,0,0.0
1,0,1,1.0
0,0,0,0
7,6,1,0.14285714285714285
0,0,0,0
0,0,0,0
2,2,0,0.0
4,2,2,0.5
0,0,0,0
1,0,1,1.0
0,0,0,0
0,0,0,0
7,5,2,0.2857142857142857
0,0,0,0
0,0,0,0
0,0,0,0
0,0,0,0
0,0,0,0
7,7,0,0.0
1,1,0,0.0
3,3,0,0.0
4,4,0,0.0
1,1,0,0.0
1,1,0,0.0
0,0,0,0
5,5,0,0.0
2,2,0,0.0
0,0,0,0
7,6,1,0.14285714285714285
0,0,0,0
1,0,1,1.0
0,0,0,0
0,0,0,0
0,0,0,0
0,0,0,0
0,0,0,0
0,0,0,0
0,0,0,0
9,8,1,0.1111111111111111
5,5,0,0.0
4,4,0,0.0
0,0,0,0
1,0,1,1.0
2,2,0,0.0
1,1,0,0.0
0,0,0,0
0,0,0,0
2,2,0,0.0
3,2,1,0.3333333333333333
0,0,0,0
0,0,0,0
0,0,0,0
8,8,0,0.0
1,1,0,0.0
0,0,0,0
0,0,0,0
9,9,0,0.0
3,3,0,0.0
0,0,0,0
4,4,0,0.0
0,0,0,0
3,3,0,0.0
3,2,1,0.3333333333333333
6,6,0,0.0
3,1,2,0.6666666666666666
0,0,0,0
2,0,2,1.0
0,0,0,0
0,0,0,0
5,4,1,0.2
8,8,0,0.0
0,0,0,0
9,8,1,0.1111111111111111
0,0,0,0
0,0,0,0
1,0,1,1.0
0,0,0,0
0,0,0,0
2,1,1,0.5
0,0,0,0
6,6,0,0.0
0,0,0,0
7,7,0,0.0
0,0,0,0
7,5,2,0.2857142857142857
5,5,0,0.0
0,0,0,0
0,0,0,0
0,0,0,0
0,0,0,0
4,4,0,0.0
0,0,0,0
0,0,0,0
0,0,0,0
0,0,0,0
0,0,0,0
2,2,0,0.0
0,0,0,0
2,2,0,0.0
9,8,1,0.1111111111111111
0,0,0,0
1,0,1,1.0
0,0,0,0
0,0,0,0
0,0,0,0
0,0,0,0
2,2,0,0.0
0,0,0,0
0,0,0,0
0,0,0,0
0,0,0,0
0,0,0,0
0,0,0,0
0,0,0,0
2,2,0,0.0
0,0,0,0
0,0,0,0
0,0,0,0
3,3,0,0.0
1,1,0,0.0
1,1,0,0.0
1,1,0,0.0
4,3,1,0.25
7,5,2,0.2857142857142857
1,1,0,0.0
5,4,1,0.2
0,0,0,0
0,0,0,0
0,0,0,0
0,0,0,0
7,7,0,0.0
0,0,0,0
3,2,1,0.3333333333333333
2,2,0,0.0
0,0,0,0
2,2,0,0.0
0,0,0,0
0,0,0,0
0,0,0,0
3,3,0,0.0
2,1,1,0.5
3,2,1,0.3333333333333333
0,0,0,0
6,4,2,0.3333333333333333
0,0,0,0
1,1,0,0.0
0,0,0,0
1,1,0,0.0
0,0,0,0
1,1,0,0.0
0,0,0,0
4,3,1,0.25
1,1,0,0.0
0,0,0,0
7,4,3,0.42857142857142855
0,0,0,0
3,3,0,0.0
0,0,0,0
0,0,0,0
0,0,0,0
8,8,0,0.0
0,0,0,0
3,2,1,0.3333333333333333
0,0,0,0
3,3,0,0.0
2,2,0,0.0
6,5,1,0.16666666666666666
8,6,2,0.25
1,0,1,1.0
0,0,0,0
2,0,2,1.0
0,0,0,0
2,1,1,0.5
0,0,0,0
1,0,1,1.0
3,3,0,0.0
0,0,0,0
2,1,1,0.5
1,0,1,1.0
0,0,0,0
0,0,0,0
1,1,0,0.0
0,0,0,0
0,0,0,0
2,0,2,1.0
0,0,0,0
9,9,0,0.0
0,0,0,0
6,6,0,0.0
2,2,0,0.0
2,2,0,0.0
4,4,0,0.0
0,0,0,0
2,2,0,0.0
6,5,1,0.16666666666666666
5,5,0,0.0
0,0,0,0
0,0,0,0
2,2,0,0.0
0,0,0,0
0,0,0,0
1,1,0,0.0
0,0,0,0
2,1,1,0.5
5,4,1,0.2
0,0,0,0
1,0,1,1.0
6,6,0,0.0
4,3,1,0.25
3,2,1,0.3333333333333333
0,0,0,0
4,4,0,0.0
4,2,2,0.5
0,0,0,0
0,0,0,0
7,7,0,0.0
0,0,0,0
4,4,0,0.0
0,0,0,0
0,0,0,0
1,1,0,0.0
0,0,0,0
2,2,0,0.0
0,0,0,0
0,0,0,0
3,3,0,0.0
5,5,0,0.0
1,1,0,0.0
1,1,0,0.0
0,0,0,0
5,5,0,0.0
0,0,0,0
0,0,0,0
0,0,0,0
3,1,2,0.6666666666666666
1,1,0,0.0
1,1,0,0.0
3,2,1,0.3333333333333333
1,0,1,1.0
5,5,0,0.0
3,3,0,0.0
0,0,0,0
5,5,0,0.0
5,4,1,0.2
0,0,0,0
1,1,0,0.0
0,0,0,0
8,7,1,0.125
0,0,0,0
5,4,1,0.2
1,1,0,0.0
4,3,1,0.25
1,0,1,1.0
1,1,0,0.0
0,0,0,0
0,0,0,0
1,1,0,0.0
2,1,1,0.5
3,3,0,0.0
0,0,0,0
0,0,0,0
2,2,0,0.0
3,1,2,0.6666666666666666
3,1,2,0.6666666666666666
0,0,0,0
0,0,0,0
3,2,1,0.3333333333333333
0,0,0,0
2,2,0,0.0
1,1,0,0.0
6,5,1,0.16666666666666666
1,1,0,0.0
0,0,0,0
8,7,1,0.125
1,0,1,1.0
1,1,0,0.0
0,0,0,0
1,1,0,0.0
0,0,0,0
3,3,0,0.0
0,0,0,0
1,1,0,0.0
0,0,0,0
0,0,0,0
0,0,0,0
0,0,0,0
0,0,0,0
3,3,0,0.0
0,0,0,0
4,3,1,0.25
2,2,0,0.0
2,2,0,0.0
0,0,0,0
0,0,0,0
0,0,0,0
0,0,0,0
0,0,0,0
0,0,0,0
2,2,0,0.0
1,0,1,1.0
0,0,0,0
0,0,0,0
1,0,1,1.0
5,4,1,0.2
0,0,0,0
0,0,0,0
0,0,0,0
1,1,0,0.0
0,0,0,0
7,4,3,0.42857142857142855
1,1,0,0.0
4,4,0,0.0
4,4,0,0.0
1,1,0,0.0
0,0,0,0
7,7,0,0.0
8,7,1,0.125
3,3,0,0.0
2,2,0,0.0
0,0,0,0
1,1,0,0.0
3,3,0,0.0
6,4,2,0.3333333333333333
0,0,0,0
6,6,0,0.0
1,1,0,0.0
0,0,0,0
1,1,0,0.0
3,3,0,0.0
6,6,0,0.0
0,0,0,0
0,0,0,0
2,2,0,0.0
0,0,0,0
0,0,0,0
2,1,1,0.5
1,0,1,1.0
0,0,0,0
0,0,0,0
1,0,1,1.0
0,0,0,0
0,0,0,0
1,0,1,1.0
1,1,0,0.0
0,0,0,0
3,3,0,0.0
1,1,0,0.0
5,1,4,0.8
0,0,0,0
1,1,0,0.0
0,0,0,0
0,0,0,0
0,0,0,0
0,0,0,0
3,2,1,0.3333333333333333
1,1,0,0.0
8,8,0,0.0
0,0,0,0
0,0,0,0
0,0,0,0
1,1,0,0.0
0,0,0,0
1,1,0,0.0
5,5,0,0.0
6,6,0,0.0
0,0,0,0
2,2,0,0.0
3,3,0,0.0
4,3,1,0.25
5,4,1,0.2
2,2,0,0.0
1,1,0,0.0
4,3,1,0.25
0,0,0,0
3,3,0,0.0
7,7,0,0.0
0,0,0,0
2,2,0,0.0
3,3,0,0.0
7,6,1,0.14285714285714285
2,1,1,0.5
2,2,0,0.0
6,6,0,0.0
5,5,0,0.0
2,2,0,0.0
3,1,2,0.6666666666666666
4,1,3,0.75
0,0,0,0
7,7,0,0.0
2,2,0,0.0
0,0,0,0
6,6,0,0.0
1,0,1,1.0
1,1,0,0.0
1,1,0,0.0
1,1,0,0.0
2,1,1,0.5
3,3,0,0.0
1,1,0,0.0
0,0,0,0
0,0,0,0
1,1,0,0.0
2,2,0,0.0
1,1,0,0.0
3,3,0,0.0
0,0,0,0
1,0,1,1.0
1,0,1,1.0
3,2,1,0.3333333333333333
4,4,0,0.0
0,0,0,0
4,4,0,0.0
3,0,3,1.0
2,2,0,0.0
3,2,1,0.3333333333333333
0,0,0,0
8,8,0,0.0
2,1,1,0.5
7,7,0,0.0
2,2,0,0.0
0,0,0,0
0,0,0,0
0,0,0,0
1,0,1,1.0
0,0,0,0
0,0,0,0
1,1,0,0.0
0,0,0,0
0,0,0,0
5,5,0,0.0
1,0,1,1.0
0,0,0,0
1,1,0,0.0
3,3,0,0.0
1,1,0,0.0
3,3,0,0.0
1,1,0,0.0
5,5,0,0.0
0,0,0,0
3,3,0,0.0
0,0,0,0
3,3,0,0.0
0,0,0,0
2,1,1,0.5
0,0,0,0
1,1,0,0.0
1,0,1,1.0
3,3,0,0.0
4,4,0,0.0
3,2,1,0.3333333333333333
0,0,0,0
7,7,0,0.0
0,0,0,0
3,3,0,0.0
0,0,0,0
1,1,0,0.0
2,2,0,0.0
0,0,0,0
3,1,2,0.6666666666666666
1,1,0,0.0
2,1,1,0.5
1,1,0,0.0
1,1,0,0.0
8,8,0,0.0
3,2,1,0.3333333333333333
0,0,0,0
1,1,0,0.0
2,2,0,0.0
1,1,0,0.0
0,0,0,0
0,0,0,0
1,0,1,1.0
0,0,0,0
3,3,0,0.0
0,0,0,0
3,2,1,0.3333333333333333
0,0,0,0
6,5,1,0.16666666666666666
0,0,0,0
0,0,0,0
0,0,0,0
2,2,0,0.0
0,0,0,0
0,0,0,0
1,1,0,0.0
0,0,0,0
0,0,0,0
0,0,0,0
7,6,1,0.14285714285714285
0,0,0,0
0,0,0,0
0,0,0,0
2,2,0,0.0
1,1,0,0.0
1,0,1,1.0
4,3,1,0.25
1,1,0,0.0
0,0,0,0
1,1,0,0.0
2,2,0,0.0
3,1,2,0.6666666666666666
3,3,0,0.0
0,0,0,0
0,0,0,0
6,4,2,0.3333333333333333
7,6,1,0.14285714285714285
0,0,0,0
0,0,0,0
2,2,0,0.0
0,0,0,0
7,4,3,0.42857142857142855
0,0,0,0
0,0,0,0
0,0,0,0
2,2,0,0.0
4,4,0,0.0
0,0,0,0
1,0,1,1.0
6,6,0,0.0
8,8,0,0.0
0,0,0,0
0,0,0,0
0,0,0,0
0,0,0,0
0,0,0,0
1,1,0,0.0
5,5,0,0.0
2,2,0,0.0
0,0,0,0
2,2,0,0.0
1,0,1,1.0
3,3,0,0.0
1,1,0,0.0
2,0,2,1.0
1,1,0,0.0
7,4,3,0.42857142857142855
1,1,0,0.0
1,1,0,0.0
0,0,0,0
1,1,0,0.0
6,5,1,0.16666666666666666
0,0,0,0
0,0,0,0
3,2,1,0.3333333333333333
0,0,0,0
0,0,0,0
0,0,0,0
1,1,0,0.0
0,0,0,0
0,0,0,0
0,0,0,0
0,0,0,0
4,3,1,0.25
2,2,0,0.0
2,0,2,1.0
4,2,2,0.5
6,5,1,0.16666666666666666
0,0,0,0
0,0,0,0
8,8,0,0.0
4,4,0,0.0
0,0,0,0
0,0,0,0
0,0,0,0
1,1,0,0.0
6,5,1,0.16666666666666666
7,6,1,0.14285714285714285
0,0,0,0
0,0,0,0
4,4,0,0.0
0,0,0,0
3,1,2,0.6666666666666666
0,0,0,0
1,1,0,0.0
4,4,0,0.0
4,4,0,0.0
3,3,0,0.0
0,0,0,0
6,6,0,0.0
1,0,1,1.0
8,8,0,0.0
4,3,1,0.25
1,1,0,0.0
0,0,0,0
1,1,0,0.0
0,0,0,0
6,4,2,0.3333333333333333
1,1,0,0.0
2,0,2,1.0
0,0,0,0
0,0,0,0
4,4,0,0.0
0,0,0,0
0,0,0,0
4,4,0,0.0
0,0,0,0
0,0,0,0
2,2,0,0.0
0,0,0,0
4,3,1,0.25
0,0,0,0
0,0,0,0
0,0,0,0
1,0,1,1.0
1,0,1,1.0
0,0,0,0
0,0,0,0
1,0,1,1.0
4,3,1,0.25
0,0,0,0
0,0,0,0
2,1,1,0.5
5,5,0,0.0
3,3,0,0.0
4,4,0,0.0
3,2,1,0.3333333333333333
0,0,0,0
1,1,0,0.0
0,0,0,0
3,1,2,0.6666666666666666
1,1,0,0.0
7,6,1,0.14285714285714285
2,2,0,0.0
0,0,0,0
1,1,0,0.0
0,0,0,0
0,0,0,0
0,0,0,0
0,0,0,0
0,0,0,0
3,2,1,0.3333333333333333
0,0,0,0
4,3,1,0.25
4,4,0,0.0
3,3,0,0.0
0,0,0,0
0,0,0,0
1,1,0,0.0
0,0,0,0
1,1,0,0.0
1,1,0,0.0
5,3,2,0.4
0,0,0,0
0,0,0,0
0,0,0,0
0,0,0,0
2,2,0,0.0
0,0,0,0
0,0,0,0
0,0,0,0
1,1,0,0.0
2,2,0,0.0
0,0,0,0
0,0,0,0
3,2,1,0.3333333333333333
0,0,0,0
2,2,0,0.0
2,2,0,0.0
1,1,0,0.0
0,0,0,0
1,1,0,0.0
1,1,0,0.0
0,0,0,0
6,6,0,0.0
0,0,0,0
5,4,1,0.2
5,3,2,0.4
0,0,0,0
3,3,0,0.0
0,0,0,0
0,0,0,0
0,0,0,0
1,0,1,1.0
1,0,1,1.0
3,2,1,0.3333333333333333
0,0,0,0
0,0,0,0
3,3,0,0.0
0,0,0,0
0,0,0,0
0,0,0,0
0,0,0,0
0,0,0,0
3,3,0,0.0
2,2,0,0.0
3,3,0,0.0
2,2,0,0.0
2,2,0,0.0
1,1,0,0.0
3,3,0,0.0
0,0,0,0
1,0,1,1.0
0,0,0,0
8,8,0,0.0
1,1,0,0.0
10,9,1,0.1
3,3,0,0.0
7,7,0,0.0
3,3,0,0.0
0,0,0,0
2,1,1,0.5
0,0,0,0
1,0,1,1.0
0,0,0,0
5,5,0,0.0
0,0,0,0
1,1,0,0.0
5,5,0,0.0
0,0,0,0
2,2,0,0.0
6,6,0,0.0
2,1,1,0.5
2,1,1,0.5
0,0,0,0
9,8,1,0.1111111111111111
0,0,0,0
3,3,0,0.0
0,0,0,0
0,0,0,0
2,1,1,0.5
0,0,0,0
1,1,0,0.0
0,0,0,0
0,0,0,0
2,0,2,1.0
2,2,0,0.0
1,0,1,1.0
2,1,1,0.5
2,2,0,0.0
1,0,1,1.0
1,0,1,1.0
1,1,0,0.0
7,7,0,0.0
0,0,0,0
0,0,0,0
0,0,0,0
0,0,0,0
0,0,0,0
1,1,0,0.0
4,4,0,0.0
3,3,0,0.0
0,0,0,0
0,0,0,0
0,0,0,0
2,2,0,0.0
0,0,0,0
0,0,0,0
9,9,0,0.0
6,4,2,0.3333333333333333
0,0,0,0
5,5,0,0.0
0,0,0,0
6,6,0,0.0
0,0,0,0
0,0,0,0
1,1,0,0.0
4,4,0,0.0
2,1,1,0.5
1,1,0,0.0
0,0,0,0
0,0,0,0
5,5,0,0.0
0,0,0,0
0,0,0,0
0,0,0,0
0,0,0,0
0,0,0,0
0,0,0,0
8,8,0,0.0
7,7,0,0.0
3,2,1,0.3333333333333333
3,1,2,0.6666666666666666
0,0,0,0
0,0,0,0
0,0,0,0
0,0,0,0
4,3,1,0.25
0,0,0,0
0,0,0,0
4,4,0,0.0
0,0,0,0
1,1,0,0.0
0,0,0,0
0,0,0,0
2,1,1,0.5
5,5,0,0.0
1,1,0,0.0
1,0,1,1.0
4,3,1,0.25
1,1,0,0.0
3,3,0,0.0
5,5,0,0.0
6,6,0,0.0
0,0,0,0
0,0,0,0
2,1,1,0.5
0,0,0,0
1,1,0,0.0
0,0,0,0
1,0,1,1.0
6,6,0,0.0
1,1,0,0.0
5,5,0,0.0
1,0,1,1.0
0,0,0,0
0,0,0,0
1,0,1,1.0
4,3,1,0.25
0,0,0,0
2,0,2,1.0
3,2,1,0.3333333333333333
4,2,2,0.5
2,1,1,0.5
0,0,0,0
2,2,0,0.0
3,2,1,0.3333333333333333
0,0,0,0
0,0,0,0
3,3,0,0.0
0,0,0,0
0,0,0,0
1,0,1,1.0
2,1,1,0.5
0,0,0,0
0,0,0,0
0,0,0,0
0,0,0,0
0,0,0,0
2,1,1,0.5
2,2,0,0.0
0,0,0,0
0,0,0,0
1,0,1,1.0
3,3,0,0.0
0,0,0,0
3,3,0,0.0
0,0,0,0
2,2,0,0.0
1,1,0,0.0
0,0,0,0
1,0,1,1.0
0,0,0,0
8,6,2,0.25
1,1,0,0.0
0,0,0,0
0,0,0,0
1,1,0,0.0
0,0,0,0
9,8,1,0.1111111111111111
0,0,0,0
0,0,0,0
0,0,0,0
0,0,0,0
0,0,0,0
0,0,0,0
3,2,1,0.3333333333333333
1,1,0,0.0
0,0,0,0
0,0,0,0
0,0,0,0
0,0,0,0
0,0,0,0
0,0,0,0
0,0,0,0
0,0,0,0
5,5,0,0.0
2,0,2,1.0
0,0,0,0
0,0,0,0
4,3,1,0.25
0,0,0,0
1,1,0,0.0
0,0,0,0
5,4,1,0.2
0,0,0,0
1,1,0,0.0
0,0,0,0
8,7,1,0.125
7,4,3,0.42857142857142855
2,1,1,0.5
0,0,0,0
0,0,0,0
9,8,1,0.1111111111111111
0,0,0,0
1,0,1,1.0
4,4,0,0.0
4,2,2,0.5
2,1,1,0.5
2,1,1,0.5
2,2,0,0.0
0,0,0,0
0,0,0,0
0,0,0,0
0,0,0,0
3,3,0,0.0
0,0,0,0
3,3,0,0.0
1,0,1,1.0
0,0,0,0
0,0,0,0
0,0,0,0
0,0,0,0
2,2,0,0.0
0,0,0,0
0,0,0,0
7,7,0,0.0
2,2,0,0.0
1,1,0,0.0
4,3,1,0.25
1,1,0,0.0
0,0,0,0
0,0,0,0
0,0,0,0
3,2,1,0.3333333333333333
0,0,0,0
6,5,1,0.16666666666666666
2,1,1,0.5
0,0,0,0
0,0,0,0
2,2,0,0.0
5,5,0,0.0
5,5,0,0.0
1,1,0,0.0
0,0,0,0
4,3,1,0.25
1,1,0,0.0
1,0,1,1.0
0,0,0,0
0,0,0,0
3,2,1,0.3333333333333333
0,0,0,0
0,0,0,0
0,0,0,0
2,2,0,0.0
0,0,0,0
0,0,0,0
1,1,0,0.0
6,5,1,0.16666666666666666
4,3,1,0.25
1,1,0,0.0
3,3,0,0.0
0,0,0,0
0,0,0,0
0,0,0,0
2,1,1,0.5
1,0,1,1.0
0,0,0,0
1,1,0,0.0
0,0,0,0
0,0,0,0
0,0,0,0
0,0,0,0
0,0,0,0
3,3,0,0.0
9,7,2,0.2222222222222222
0,0,0,0
1,1,0,0.0
2,2,0,0.0
1,0,1,1.0
2,2,0,0.0
0,0,0,0
1,1,0,0.0
1,1,0,0.0
1,1,0,0.0
3,3,0,0.0
5,2,3,0.6
0,0,0,0
0,0,0,0
9,8,1,0.1111111111111111
1,0,1,1.0
0,0,0,0
1,1,0,0.0
0,0,0,0
0,0,0,0
0,0,0,0
0,0,0,0
1,1,0,0.0
0,0,0,0
0,0,0,0
1,1,0,0.0
3,1,2,0.6666666666666666
0,0,0,0
0,0,0,0
3,2,1,0.3333333333333333
2,2,0,0.0
3,3,0,0.0
0,0,0,0
3,3,0,0.0
5,3,2,0.4
1,1,0,0.0
0,0,0,0
0,0,0,0
0,0,0,0
8,7,1,0.125
0,0,0,0
1,1,0,0.0
0,0,0,0
0,0,0,0
0,0,0,0
1,1,0,0.0
1,1,0,0.0
0,0,0,0
5,4,1,0.2
0,0,0,0
0,0,0,0
7,7,0,0.0
1,0,1,1.0
3,2,1,0.3333333333333333
0,0,0,0
0,0,0,0
4,3,1,0.25
5,5,0,0.0
0,0,0,0
0,0,0,0
0,0,0,0
0,0,0,0
1,1,0,0.0
2,2,0,0.0
0,0,0,0
6,6,0,0.0
0,0,0,0
0,0,0,0
0,0,0,0
0,0,0,0
6,5,1,0.16666666666666666
0,0,0,0
0,0,0,0
7,6,1,0.14285714285714285
0,0,0,0
2,0,2,1.0
3,3,0,0.0
0,0,0,0
1,1,0,0.0
1,1,0,0.0
0,0,0,0
0,0,0,0
0,0,0,0
2,2,0,0.0
0,0,0,0
0,0,0,0
0,0,0,0
3,3,0,0.0
2,1,1,0.5
0,0,0,0
0,0,0,0
2,2,0,0.0
2,2,0,0.0
1,0,1,1.0
5,5,0,0.0
0,0,0,0
0,0,0,0
2,1,1,0.5
1,0,1,1.0
0,0,0,0
2,2,0,0.0
0,0,0,0
0,0,0,0
4,4,0,0.0
0,0,0,0
1,1,0,0.0
1,1,0,0.0
9,8,1,0.1111111111111111
4,4,0,0.0
3,3,0,0.0
0,0,0,0
1,1,0,0.0
1,1,0,0.0
0,0,0,0
3,2,1,0.3333333333333333
0,0,0,0
1,1,0,0.0
5,4,1,0.2
3,3,0,0.0
0,0,0,0
6,5,1,0.16666666666666666
4,4,0,0.0
0,0,0,0
0,0,0,0
2,1,1,0.5
2,2,0,0.0
1,1,0,0.0
4,2,2,0.5
0,0,0,0
2,2,0,0.0
7,7,0,0.0
1,1,0,0.0
0,0,0,0
0,0,0,0
5,5,0,0.0
0,0,0,0
0,0,0,0
0,0,0,0
0,0,0,0
0,0,0,0
2,2,0,0.0
4,3,1,0.25
3,2,1,0.3333333333333333
2,2,0,0.0
1,0,1,1.0
1,0,1,1.0
4,4,0,0.0
8,7,1,0.125
2,1,1,0.5
1,0,1,1.0
0,0,0,0
0,0,0,0
0,0,0,0
0,0,0,0
4,3,1,0.25
0,0,0,0
1,1,0,0.0
1,0,1,1.0
0,0,0,0
2,1,1,0.5
2,1,1,0.5
2,1,1,0.5
1,1,0,0.0
0,0,0,0
0,0,0,0
1,0,1,1.0
0,0,0,0
1,0,1,1.0
0,0,0,0
0,0,0,0
5,3,2,0.4
7,7,0,0.0
2,1,1,0.5
0,0,0,0
0,0,0,0
0,0,0,0
6,6,0,0.0
0,0,0,0
0,0,0,0
0,0,0,0
0,0,0,0
1,0,1,1.0
1,1,0,0.0
3,2,1,0.3333333333333333
0,0,0,0
8,7,1,0.125
0,0,0,0
5,3,2,0.4
0,0,0,0
2,2,0,0.0
0,0,0,0
0,0,0,0
1,0,1,1.0
0,0,0,0
3,2,1,0.3333333333333333
3,3,0,0.0
4,4,0,0.0
3,2,1,0.3333333333333333
0,0,0,0
0,0,0,0
1,1,0,0.0
1,0,1,1.0
5,4,1,0.2
0,0,0,0
0,0,0,0
0,0,0,0
4,4,0,0.0
4,3,1,0.25
0,0,0,0
0,0,0,0
6,5,1,0.16666666666666666
3,2,1,0.3333333333333333
9,8,1,0.1111111111111111
8,8,0,0.0
3,2,1,0.3333333333333333
1,1,0,0.0
2,1,1,0.5
0,0,0,0
1,1,0,0.0
4,4,0,0.0
0,0,0,0
0,0,0,0
5,5,0,0.0
0,0,0,0
3,2,1,0.3333333333333333
1,0,1,1.0
0,0,0,0
2,2,0,0.0
4,4,0,0.0
8,7,1,0.125
0,0,0,0
0,0,0,0
0,0,0,0
0,0,0,0
0,0,0,0
3,3,0,0.0
0,0,0,0
3,3,0,0.0
8,8,0,0.0
8,5,3,0.375
5,5,0,0.0
4,3,1,0.25
0,0,0,0
2,1,1,0.5
0,0,0,0
0,0,0,0
4,0,4,1.0
1,0,1,1.0
0,0,0,0
7,6,1,0.14285714285714285
6,6,0,0.0
3,3,0,0.0
0,0,0,0
0,0,0,0
0,0,0,0
2,2,0,0.0
1,0,1,1.0
9,8,1,0.1111111111111111
6,6,0,0.0
2,2,0,0.0
7,5,2,0.2857142857142857
5,4,1,0.2
4,4,0,0.0
0,0,0,0
1,1,0,0.0
0,0,0,0
3,2,1,0.3333333333333333
2,1,1,0.5
3,2,1,0.3333333333333333
0,0,0,0
8,6,2,0.25
0,0,0,0
4,4,0,0.0
4,4,0,0.0
0,0,0,0
0,0,0,0
0,0,0,0
1,1,0,0.0
3,1,2,0.6666666666666666
2,2,0,0.0
1,1,0,0.0
4,3,1,0.25
0,0,0,0
1,1,0,0.0
0,0,0,0
1,1,0,0.0
0,0,0,0
2,2,0,0.0
0,0,0,0
3,3,0,0.0
3,3,0,0.0
2,2,0,0.0
0,0,0,0
0,0,0,0
4,3,1,0.25
0,0,0,0
2,2,0,0.0
0,0,0,0
1,1,0,0.0
0,0,0,0
0,0,0,0
0,0,0,0
0,0,0,0
3,1,2,0.6666666666666666
2,2,0,0.0
1,1,0,0.0
0,0,0,0
5,3,2,0.4
3,3,0,0.0
2,1,1,0.5
0,0,0,0
3,2,1,0.3333333333333333
5,5,0,0.0
0,0,0,0
0,0,0,0
0,0,0,0
0,0,0,0
0,0,0,0
1,1,0,0.0
0,0,0,0
3,3,0,0.0
3,2,1,0.3333333333333333
0,0,0,0
0,0,0,0
0,0,0,0
0,0,0,0
6,5,1,0.16666666666666666
0,0,0,0
0,0,0,0
5,5,0,0.0
3,3,0,0.0
5,4,1,0.2
7,7,0,0.0
0,0,0,0
0,0,0,0
0,0,0,0
2,1,1,0.5
3,1,2,0.6666666666666666
1,1,0,0.0
1,1,0,0.0
1,1,0,0.0
0,0,0,0
2,2,0,0.0
4,4,0,0.0
3,2,1,0.3333333333333333
0,0,0,0
0,0,0,0
4,4,0,0.0
2,1,1,0.5
0,0,0,0
0,0,0,0
1,1,0,0.0
0,0,0,0
2,2,0,0.0
4,4,0,0.0
1,0,1,1.0
0,0,0,0
2,2,0,0.0
0,0,0,0
0,0,0,0
0,0,0,0
2,2,0,0.0
0,0,0,0
2,2,0,0.0
0,0,0,0
0,0,0,0
3,3,0,0.0
0,0,0,0
0,0,0,0
0,0,0,0
3,3,0,0.0
0,0,0,0
1,1,0,0.0
0,0,0,0
0,0,0,0
1,1,0,0.0
3,2,1,0.3333333333333333
0,0,0,0
4,3,1,0.25
0,0,0,0
0,0,0,0
0,0,0,0
0,0,0,0
0,0,0,0
0,0,0,0
4,4,0,0.0
2,2,0,0.0
0,0,0,0
0,0,0,0
10,9,1,0.1
0,0,0,0
0,0,0,0
3,1,2,0.6666666666666666
0,0,0,0
1,1,0,0.0
8,7,1,0.125
0,0,0,0
0,0,0,0
0,0,0,0
3,3,0,0.0
1,0,1,1.0
1,1,0,0.0
0,0,0,0
0,0,0,0
4,4,0,0.0
5,5,0,0.0
1,1,0,0.0
8,7,1,0.125
1,1,0,0.0
1,1,0,0.0
1,1,0,0.0
0,0,0,0
1,1,0,0.0
0,0,0,0
1,0,1,1.0
4,4,0,0.0
1,1,0,0.0
3,3,0,0.0
7,7,0,0.0
0,0,0,0
3,3,0,0.0
0,0,0,0
4,4,0,0.0
4,4,0,0.0
0,0,0,0
2,2,0,0.0
1,0,1,1.0
2,1,1,0.5
1,1,0,0.0
0,0,0,0
0,0,0,0
0,0,0,0
0,0,0,0
5,5,0,0.0
4,4,0,0.0
0,0,0,0
0,0,0,0
0,0,0,0
8,7,1,0.125
5,4,1,0.2
5,4,1,0.2
2,2,0,0.0
0,0,0,0
4,3,1,0.25
0,0,0,0
3,3,0,0.0
1,1,0,0.0
4,3,1,0.25
0,0,0,0
1,1,0,0.0
1,1,0,0.0
0,0,0,0
1,1,0,0.0
0,0,0,0
4,2,2,0.5
0,0,0,0
0,0,0,0
0,0,0,0
0,0,0,0
5,4,1,0.2
3,3,0,0.0
0,0,0,0
0,0,0,0
0,0,0,0
3,3,0,0.0
2,2,0,0.0
0,0,0,0
1,0,1,1.0
0,0,0,0
1,1,0,0.0
4,2,2,0.5
0,0,0,0
2,2,0,0.0
0,0,0,0
0,0,0,0
1,1,0,0.0
0,0,0,0
4,4,0,0.0
0,0,0,0
0,0,0,0
0,0,0,0
2,2,0,0.0
0,0,0,0
0,0,0,0
6,4,2,0.3333333333333333
0,0,0,0
0,0,0,0
1,1,0,0.0
2,1,1,0.5
0,0,0,0
0,0,0,0
4,4,0,0.0
3,2,1,0.3333333333333333
4,4,0,0.0
0,0,0,0
0,0,0,0
1,0,1,1.0
0,0,0,0
0,0,0,0
1,1,0,0.0
2,2,0,0.0
4,2,2,0.5
5,5,0,0.0
3,2,1,0.3333333333333333
3,2,1,0.3333333333333333
5,5,0,0.0
0,0,0,0
3,3,0,0.0
0,0,0,0
1,1,0,0.0
4,4,0,0.0
0,0,0,0
3,0,3,1.0
5,4,1,0.2
0,0,0,0
4,3,1,0.25
0,0,0,0
4,3,1,0.25
6,6,0,0.0
0,0,0,0
0,0,0,0
0,0,0,0
1,1,0,0.0
2,0,2,1.0
0,0,0,0
0,0,0,0
0,0,0,0
0,0,0,0
0,0,0,0
1,1,0,0.0
0,0,0,0
0,0,0,0
1,0,1,1.0
3,3,0,0.0
0,0,0,0
1,1,0,0.0
0,0,0,0
0,0,0,0
0,0,0,0
2,1,1,0.5
8,8,0,0.0
3,2,1,0.3333333333333333
8,7,1,0.125
0,0,0,0
2,1,1,0.5
3,1,2,0.6666666666666666
0,0,0,0
9,9,0,0.0
1,0,1,1.0
0,0,0,0
5,4,1,0.2
0,0,0,0
2,2,0,0.0
0,0,0,0
0,0,0,0
0,0,0,0
2,2,0,0.0
2,1,1,0.5
0,0,0,0
2,2,0,0.0
0,0,0,0
1,1,0,0.0
2,0,2,1.0
0,0,0,0
1,1,0,0.0
4,3,1,0.25
1,0,1,1.0
1,1,0,0.0
0,0,0,0
1,1,0,0.0
0,0,0,0
0,0,0,0
0,0,0,0
1,1,0,0.0
0,0,0,0
1,1,0,0.0
0,0,0,0
0,0,0,0
0,0,0,0
0,0,0,0
0,0,0,0
0,0,0,0
2,1,1,0.5
0,0,0,0
0,0,0,0
8,7,1,0.125
9,9,0,0.0
0,0,0,0
0,0,0,0
1,1,0,0.0
6,5,1,0.16666666666666666
0,0,0,0
0,0,0,0
0,0,0,0
1,1,0,0.0
0,0,0,0
1,1,0,0.0
0,0,0,0
0,0,0,0
0,0,0,0
0,0,0,0
1,1,0,0.0
9,9,0,0.0
2,2,0,0.0
0,0,0,0
2,2,0,0.0
6,4,2,0.3333333333333333
0,0,0,0
4,4,0,0.0
8,5,3,0.375
1,0,1,1.0
0,0,0,0
4,3,1,0.25
2,2,0,0.0
1,1,0,0.0
0,0,0,0
0,0,0,0
1,0,1,1.0
0,0,0,0
0,0,0,0
4,1,3,0.75
0,0,0,0
0,0,0,0
0,0,0,0
1,1,0,0.0
1,0,1,1.0
0,0,0,0
5,5,0,0.0
9,8,1,0.1111111111111111
3,2,1,0.3333333333333333
0,0,0,0
1,1,0,0.0
0,0,0,0
0,0,0,0
2,2,0,0.0
1,1,0,0.0
0,0,0,0
4,3,1,0.25
2,2,0,0.0
0,0,0,0
3,2,1,0.3333333333333333
2,2,0,0.0
0,0,0,0
0,0,0,0
0,0,0,0
0,0,0,0
0,0,0,0
0,0,0,0
0,0,0,0
7,6,1,0.14285714285714285
0,0,0,0
0,0,0,0
0,0,0,0
0,0,0,0
1,0,1,1.0
0,0,0,0
0,0,0,0
2,1,1,0.5
0,0,0,0
0,0,0,0
0,0,0,0
3,2,1,0.3333333333333333
5,3,2,0.4
0,0,0,0
4,4,0,0.0
0,0,0,0
2,2,0,0.0
0,0,0,0
6,5,1,0.16666666666666666
3,3,0,0.0
0,0,0,0
2,1,1,0.5
0,0,0,0
0,0,0,0
1,0,1,1.0
5,4,1,0.2
0,0,0,0
3,3,0,0.0
0,0,0,0
1,0,1,1.0
0,0,0,0
1,1,0,0.0
0,0,0,0
0,0,0,0
2,2,0,0.0
0,0,0,0
2,2,0,0.0
3,3,0,0.0
0,0,0,0
3,1,2,0.6666666666666666
6,5,1,0.16666666666666666
0,0,0,0
0,0,0,0
3,1,2,0.6666666666666666
0,0,0,0
5,5,0,0.0
1,0,1,1.0
1,1,0,0.0
0,0,0,0
6,6,0,0.0
1,0,1,1.0
0,0,0,0
1,1,0,0.0
0,0,0,0
5,5,0,0.0
0,0,0,0
0,0,0,0
0,0,0,0
1,1,0,0.0
0,0,0,0
0,0,0,0
8,7,1,0.125
0,0,0,0
1,1,0,0.0
4,4,0,0.0
1,1,0,0.0
7,5,2,0.2857142857142857
0,0,0,0
3,2,1,0.3333333333333333
0,0,0,0
8,7,1,0.125
0,0,0,0
0,0,0,0
0,0,0,0
0,0,0,0
4,3,1,0.25
0,0,0,0
0,0,0,0
1,0,1,1.0
0,0,0,0
0,0,0,0
0,0,0,0
1,1,0,0.0
7,6,1,0.14285714285714285
1,1,0,0.0
2,2,0,0.0
0,0,0,0
0,0,0,0
0,0,0,0
2,2,0,0.0
0,0,0,0
4,4,0,0.0
0,0,0,0
3,3,0,0.0
3,3,0,0.0
7,7,0,0.0
1,1,0,0.0
2,2,0,0.0
4,1,3,0.75
0,0,0,0
7,5,2,0.2857142857142857
0,0,0,0
0,0,0,0
1,1,0,0.0
0,0,0,0
0,0,0,0
2,2,0,0.0
4,4,0,0.0
6,6,0,0.0
6,5,1,0.16666666666666666
2,1,1,0.5
3,3,0,0.0
1,1,0,0.0
5,5,0,0.0
3,2,1,0.3333333333333333
0,0,0,0
4,4,0,0.0
3,2,1,0.3333333333333333
0,0,0,0
0,0,0,0
0,0,0,0
1,1,0,0.0
1,1,0,0.0
1,1,0,0.0
0,0,0,0
5,3,2,0.4
0,0,0,0
3,2,1,0.3333333333333333
1,0,1,1.0
0,0,0,0
2,2,0,0.0
1,1,0,0.0
0,0,0,0
0,0,0,0
0,0,0,0
1,0,1,1.0
0,0,0,0
1,1,0,0.0
5,3,2,0.4
0,0,0,0
0,0,0,0
10,9,1,0.1
1,1,0,0.0
4,4,0,0.0
0,0,0,0
9,9,0,0.0
1,1,0,0.0
1,1,0,0.0
0,0,0,0
5,5,0,0.0
1,0,1,1.0
0,0,0,0
0,0,0,0
0,0,0,0
1,1,0,0.0
4,4,0,0.0
0,0,0,0
0,0,0,0
1,0,1,1.0
1,0,1,1.0
0,0,0,0
1,1,0,0.0
1,1,0,0.0
2,1,1,0.5
0,0,0,0
1,1,0,0.0
1,0,1,1.0
0,0,0,0
8,8,0,0.0
1,0,1,1.0
2,2,0,0.0
1,0,1,1.0
0,0,0,0
2,2,0,0.0
0,0,0,0
0,0,0,0
3,3,0,0.0
2,2,0,0.0
0,0,0,0
0,0,0,0
2,1,1,0.5
0,0,0,0
2,2,0,0.0
3,1,2,0.6666666666666666
5,5,0,0.0
4,3,1,0.25
0,0,0,0
0,0,0,0
3,3,0,0.0
1,1,0,0.0
3,3,0,0.0
0,0,0,0
5,3,2,0.4
1,1,0,0.0
0,0,0,0
1,1,0,0.0
0,0,0,0
3,2,1,0.3333333333333333
4,3,1,0.25
5,5,0,0.0
6,5,1,0.16666666666666666
4,4,0,0.0
5,5,0,0.0
2,2,0,0.0
2,2,0,0.0
0,0,0,0
2,2,0,0.0
0,0,0,0
0,0,0,0
4,4,0,0.0
1,0,1,1.0
0,0,0,0
3,3,0,0.0
0,0,0,0
0,0,0,0
4,4,0,0.0
1,1,0,0.0
4,3,1,0.25
0,0,0,0
0,0,0,0
0,0,0,0
1,0,1,1.0
0,0,0,0
9,9,0,0.0
1,0,1,1.0
4,4,0,0.0
2,1,1,0.5
0,0,0,0
2,2,0,0.0
0,0,0,0
3,0,3,1.0
0,0,0,0
1,0,1,1.0
4,4,0,0.0
1,0,1,1.0
0,0,0,0
0,0,0,0
1,1,0,0.0
0,0,0,0
2,2,0,0.0
0,0,0,0
0,0,0,0
0,0,0,0
0,0,0,0
0,0,0,0
1,1,0,0.0
1,0,1,1.0
5,5,0,0.0
0,0,0,0
0,0,0,0
8,8,0,0.0
2,2,0,0.0
0,0,0,0
0,0,0,0
7,5,2,0.2857142857142857
5,5,0,0.0
1,1,0,0.0
1,1,0,0.0
4,4,0,0.0
0,0,0,0
1,1,0,0.0
1,1,0,0.0
5,5,0,0.0
0,0,0,0
7,7,0,0.0
3,2,1,0.3333333333333333
9,8,1,0.1111111111111111
0,0,0,0
0,0,0,0
1,1,0,0.0
1,1,0,0.0
0,0,0,0
6,6,0,0.0
1,1,0,0.0
0,0,0,0
2,1,1,0.5
0,0,0,0
1,0,1,1.0
1,0,1,1.0
0,0,0,0
0,0,0,0
3,3,0,0.0
1,1,0,0.0
2,2,0,0.0
0,0,0,0
0,0,0,0
1,1,0,0.0
2,2,0,0.0
0,0,0,0
2,2,0,0.0
0,0,0,0
1,0,1,1.0
5,5,0,0.0
0,0,0,0
6,6,0,0.0
1,1,0,0.0
3,1,2,0.6666666666666666
2,2,0,0.0
1,1,0,0.0
2,2,0,0.0
1,1,0,0.0
0,0,0,0
1,0,1,1.0
6,6,0,0.0
0,0,0,0
3,2,1,0.3333333333333333
1,0,1,1.0
6,6,0,0.0
2,2,0,0.0
2,2,0,0.0
4,4,0,0.0
3,2,1,0.3333333333333333
0,0,0,0
6,6,0,0.0
1,1,0,0.0
0,0,0,0
6,4,2,0.3333333333333333
8,8,0,0.0
1,1,0,0.0
0,0,0,0
2,1,1,0.5
7,5,2,0.2857142857142857
0,0,0,0
4,4,0,0.0
0,0,0,0
5,5,0,0.0
0,0,0,0
0,0,0,0
8,8,0,0.0
3,3,0,0.0
0,0,0,0
0,0,0,0
2,2,0,0.0
9,9,0,0.0
1,1,0,0.0
0,0,0,0
0,0,0,0
1,1,0,0.0
0,0,0,0
1,1,0,0.0
0,0,0,0
0,0,0,0
0,0,0,0
2,2,0,0.0
1,1,0,0.0
0,0,0,0
0,0,0,0
0,0,0,0
0,0,0,0
2,2,0,0.0
0,0,0,0
0,0,0,0
1,1,0,0.0
0,0,0,0
2,2,0,0.0
0,0,0,0
0,0,0,0
0,0,0,0
0,0,0,0
7,6,1,0.14285714285714285
0,0,0,0
1,0,1,1.0
7,7,0,0.0
4,3,1,0.25
1,1,0,0.0
0,0,0,0
7,5,2,0.2857142857142857
0,0,0,0
3,3,0,0.0
2,1,1,0.5
2,2,0,0.0
1,1,0,0.0
0,0,0,0
3,2,1,0.3333333333333333
3,3,0,0.0
4,3,1,0.25
0,0,0,0
0,0,0,0
0,0,0,0
3,3,0,0.0
2,1,1,0.5
0,0,0,0
5,5,0,0.0
0,0,0,0
0,0,0,0
0,0,0,0
1,1,0,0.0
4,3,1,0.25
9,9,0,0.0
0,0,0,0
0,0,0,0
0,0,0,0
0,0,0,0
2,2,0,0.0
3,3,0,0.0
0,0,0,0
10,9,1,0.1
0,0,0,0
0,0,0,0
5,3,2,0.4
2,1,1,0.5
0,0,0,0
1,0,1,1.0
2,2,0,0.0
1,1,0,0.0
0,0,0,0
1,1,0,0.0
0,0,0,0
2,0,2,1.0
0,0,0,0
0,0,0,0
0,0,0,0
4,3,1,0.25
2,1,1,0.5
3,3,0,0.0
1,1,0,0.0
3,2,1,0.3333333333333333
5,4,1,0.2
1,0,1,1.0
2,2,0,0.0
0,0,0,0
5,4,1,0.2
2,1,1,0.5
0,0,0,0
1,1,0,0.0
1,1,0,0.0
0,0,0,0
1,0,1,1.0
0,0,0,0
6,5,1,0.16666666666666666
4,4,0,0.0
0,0,0,0
0,0,0,0
2,2,0,0.0
0,0,0,0
0,0,0,0
7,7,0,0.0
1,1,0,0.0
2,1,1,0.5
8,8,0,0.0
1,1,0,0.0
2,1,1,0.5
1,0,1,1.0
0,0,0,0
0,0,0,0
0,0,0,0
3,3,0,0.0
0,0,0,0
0,0,0,0
0,0,0,0
0,0,0,0
0,0,0,0
0,0,0,0
5,5,0,0.0
0,0,0,0
0,0,0,0
0,0,0,0
1,1,0,0.0
6,4,2,0.3333333333333333
2,2,0,0.0
0,0,0,0
1,1,0,0.0
2,2,0,0.0
0,0,0,0
0,0,0,0
0,0,0,0
0,0,0,0
0,0,0,0
0,0,0,0
3,2,1,0.3333333333333333
0,0,0,0
0,0,0,0
0,0,0,0
0,0,0,0
1,1,0,0.0
0,0,0,0
1,1,0,0.0
0,0,0,0
0,0,0,0
5,5,0,0.0
0,0,0,0
1,1,0,0.0
1,1,0,0.0
2,2,0,0.0
0,0,0,0
0,0,0,0
0,0,0,0
0,0,0,0
3,3,0,0.0
3,3,0,0.0
5,4,1,0.2
0,0,0,0
0,0,0,0
1,1,0,0.0
0,0,0,0
6,4,2,0.3333333333333333
2,2,0,0.0
0,0,0,0
0,0,0,0
0,0,0,0
0,0,0,0
0,0,0,0
1,1,0,0.0
1,1,0,0.0
2,2,0,0.0
0,0,0,0
0,0,0,0
0,0,0,0
3,3,0,0.0
0,0,0,0
1,1,0,0.0
5,5,0,0.0
2,2,0,0.0
1,1,0,0.0
1,1,0,0.0
5,4,1,0.2
0,0,0,0
4,4,0,0.0
1,0,1,1.0
2,2,0,0.0
0,0,0,0
3,2,1,0.3333333333333333
0,0,0,0
0,0,0,0
5,5,0,0.0
0,0,0,0
2,2,0,0.0
7,7,0,0.0
0,0,0,0
0,0,0,0
0,0,0,0
9,8,1,0.1111111111111111
2,1,1,0.5
6,5,1,0.16666666666666666
2,2,0,0.0
4,4,0,0.0
0,0,0,0
3,3,0,0.0
0,0,0,0
0,0,0,0
1,1,0,0.0
0,0,0,0
1,1,0,0.0
2,2,0,0.0
0,0,0,0
1,1,0,0.0
0,0,0,0
0,0,0,0
5,5,0,0.0
0,0,0,0
1,1,0,0.0
9,9,0,0.0
10,9,1,0.1
3,2,1,0.3333333333333333
1,1,0,0.0
1,1,0,0.0
4,4,0,0.0
6,6,0,0.0
3,2,1,0.3333333333333333
0,0,0,0
4,3,1,0.25
1,1,0,0.0
2,1,1,0.5
1,1,0,0.0
1,0,1,1.0
5,5,0,0.0
2,1,1,0.5
3,2,1,0.3333333333333333
0,0,0,0
0,0,0,0
0,0,0,0
3,3,0,0.0
0,0,0,0
9,8,1,0.1111111111111111
2,2,0,0.0
0,0,0,0
2,2,0,0.0
0,0,0,0
6,6,0,0.0
9,7,2,0.2222222222222222
3,3,0,0.0
3,2,1,0.3333333333333333
0,0,0,0
0,0,0,0
4,3,1,0.25
0,0,0,0
0,0,0,0
1,0,1,1.0
4,4,0,0.0
1,1,0,0.0
1,1,0,0.0
1,1,0,0.0
6,4,2,0.3333333333333333
0,0,0,0
0,0,0,0
5,5,0,0.0
1,0,1,1.0
1,0,1,1.0
0,0,0,0
6,6,0,0.0
2,2,0,0.0
0,0,0,0
1,1,0,0.0
0,0,0,0
4,4,0,0.0
2,1,1,0.5
0,0,0,0
2,2,0,0.0
2,2,0,0.0
0,0,0,0
0,0,0,0
2,2,0,0.0
1,0,1,1.0
0,0,0,0
3,1,2,0.6666666666666666
0,0,0,0
0,0,0,0
3,3,0,0.0
0,0,0,0
0,0,0,0
0,0,0,0
2,1,1,0.5
0,0,0,0
5,5,0,0.0
0,0,0,0
0,0,0,0
5,5,0,0.0
1,1,0,0.0
0,0,0,0
0,0,0,0
0,0,0,0
9,9,0,0.0
3,3,0,0.0
0,0,0,0
0,0,0,0
0,0,0,0
0,0,0,0
1,1,0,0.0
8,8,0,0.0
0,0,0,0
0,0,0,0
0,0,0,0
0,0,0,0
4,4,0,0.0
2,0,2,1.0
2,2,0,0.0
0,0,0,0
0,0,0,0
0,0,0,0
0,0,0,0
1,0,1,1.0
1,1,0,0.0
0,0,0,0
1,0,1,1.0
0,0,0,0
1,1,0,0.0
0,0,0,0
5,5,0,0.0
1,1,0,0.0
0,0,0,0
9,8,1,0.1111111111111111
0,0,0,0
9,8,1,0.1111111111111111
2,2,0,0.0
1,1,0,0.0
6,5,1,0.16666666666666666
0,0,0,0
1,1,0,0.0
2,2,0,0.0
0,0,0,0
0,0,0,0
1,0,1,1.0
0,0,0,0
1,1,0,0.0
0,0,0,0
1,1,0,0.0
2,2,0,0.0
0,0,0,0
6,6,0,0.0
4,4,0,0.0
5,3,2,0.4
0,0,0,0
1,0,1,1.0
0,0,0,0
0,0,0,0
0,0,0,0
0,0,0,0
0,0,0,0
0,0,0,0
0,0,0,0
2,1,1,0.5
3,2,1,0.3333333333333333
1,1,0,0.0
0,0,0,0
0,0,0,0
3,2,1,0.3333333333333333
1,0,1,1.0
4,4,0,0.0
1,1,0,0.0
0,0,0,0
0,0,0,0
8,7,1,0.125
3,1,2,0.6666666666666666
1,1,0,0.0
1,1,0,0.0
1,1,0,0.0
2,1,1,0.5
5,5,0,0.0
0,0,0,0
0,0,0,0
1,1,0,0.0
3,3,0,0.0
0,0,0,0
0,0,0,0
4,3,1,0.25
7,7,0,0.0
0,0,0,0
3,2,1,0.3333333333333333
0,0,0,0
0,0,0,0
0,0,0,0
1,1,0,0.0
0,0,0,0
1,0,1,1.0
0,0,0,0
0,0,0,0
1,1,0,0.0
2,2,0,0.0
1,0,1,1.0
1,1,0,0.0
0,0,0,0
1,1,0,0.0
4,2,2,0.5
0,0,0,0
0,0,0,0
7,7,0,0.0
0,0,0,0
6,6,0,0.0
0,0,0,0
6,5,1,0.16666666666666666
0,0,0,0
0,0,0,0
1,1,0,0.0
0,0,0,0
5,4,1,0.2
3,3,0,0.0
0,0,0,0
3,2,1,0.3333333333333333
2,2,0,0.0
0,0,0,0
0,0,0,0
3,3,0,0.0
0,0,0,0
0,0,0,0
7,7,0,0.0
0,0,0,0
4,3,1,0.25
0,0,0,0
1,1,0,0.0
1,1,0,0.0
0,0,0,0
7,5,2,0.2857142857142857
3,3,0,0.0
0,0,0,0
0,0,0,0
0,0,0,0
4,4,0,0.0
0,0,0,0
1,1,0,0.0
1,1,0,0.0
0,0,0,0
3,2,1,0.3333333333333333
1,1,0,0.0
1,1,0,0.0
0,0,0,0
0,0,0,0
0,0,0,0
0,0,0,0
0,0,0,0
0,0,0,0
0,0,0,0
1,1,0,0.0
3,3,0,0.0
0,0,0,0
3,2,1,0.3333333333333333
3,2,1,0.3333333333333333
0,0,0,0
8,8,0,0.0
0,0,0,0
4,2,2,0.5
4,3,1,0.25
1,0,1,1.0
2,2,0,0.0
7,6,1,0.14285714285714285
3,2,1,0.3333333333333333
0,0,0,0
1,1,0,0.0
0,0,0,0
2,2,0,0.0
8,6,2,0.25
5,5,0,0.0
0,0,0,0
0,0,0,0
2,1,1,0.5
6,5,1,0.16666666666666666
4,2,2,0.5
1,1,0,0.0
5,5,0,0.0
0,0,0,0
0,0,0,0
1,1,0,0.0
1,1,0,0.0
2,1,1,0.5
0,0,0,0
0,0,0,0
6,6,0,0.0
3,2,1,0.3333333333333333
0,0,0,0
0,0,0,0
0,0,0,0
2,2,0,0.0
7,6,1,0.14285714285714285
0,0,0,0
4,4,0,0.0
0,0,0,0
0,0,0,0
0,0,0,0
0,0,0,0
2,2,0,0.0
0,0,0,0
1,1,0,0.0
4,4,0,0.0
5,4,1,0.2
0,0,0,0
1,0,1,1.0
1,1,0,0.0
3,3,0,0.0
0,0,0,0
1,0,1,1.0
5,5,0,0.0
0,0,0,0
1,1,0,0.0
0,0,0,0
0,0,0,0
3,3,0,0.0
0,0,0,0
1,0,1,1.0
1,1,0,0.0
2,2,0,0.0
0,0,0,0
1,1,0,0.0
0,0,0,0
0,0,0,0
0,0,0,0
1,1,0,0.0
0,0,0,0
0,0,0,0
0,0,0,0
6,6,0,0.0
0,0,0,0
2,2,0,0.0
2,2,0,0.0
1,1,0,0.0
0,0,0,0
2,2,0,0.0
2,2,0,0.0
1,0,1,1.0
0,0,0,0
3,3,0,0.0
0,0,0,0
0,0,0,0
3,2,1,0.3333333333333333
0,0,0,0
0,0,0,0
0,0,0,0
2,1,1,0.5
0,0,0,0
1,1,0,0.0
4,3,1,0.25
0,0,0,0
3,2,1,0.3333333333333333
3,3,0,0.0
7,7,0,0.0
0,0,0,0
0,0,0,0
6,6,0,0.0
1,0,1,1.0
0,0,0,0
2,2,0,0.0
2,1,1,0.5
4,4,0,0.0
1,0,1,1.0
1,1,0,0.0
5,4,1,0.2
0,0,0,0
1,1,0,0.0
0,0,0,0
2,2,0,0.0
5,5,0,0.0
5,5,0,0.0
0,0,0,0
0,0,0,0
1,1,0,0.0
2,2,0,0.0
0,0,0,0
1,1,0,0.0
0,0,0,0
4,3,1,0.25
0,0,0,0
0,0,0,0
2,1,1,0.5
3,3,0,0.0
0,0,0,0
0,0,0,0
1,1,0,0.0
2,2,0,0.0
4,3,1,0.25
2,1,1,0.5
2,2,0,0.0
1,1,0,0.0
0,0,0,0
3,2,1,0.3333333333333333
0,0,0,0
2,2,0,0.0
1,0,1,1.0
0,0,0,0
5,3,2,0.4
0,0,0,0
0,0,0,0
0,0,0,0
0,0,0,0
0,0,0,0
0,0,0,0
1,1,0,0.0
0,0,0,0
6,5,1,0.16666666666666666
0,0,0,0
2,2,0,0.0
0,0,0,0
0,0,0,0
2,2,0,0.0
0,0,0,0
0,0,0,0
0,0,0,0
0,0,0,0
0,0,0,0
3,3,0,0.0
3,2,1,0.3333333333333333
0,0,0,0
0,0,0,0
4,4,0,0.0
4,4,0,0.0
0,0,0,0
0,0,0,0
0,0,0,0
1,0,1,1.0
0,0,0,0
0,0,0,0
0,0,0,0
4,4,0,0.0
9,7,2,0.2222222222222222
0,0,0,0
2,1,1,0.5
1,0,1,1.0
0,0,0,0
1,0,1,1.0
1,1,0,0.0
3,3,0,0.0
4,4,0,0.0
3,2,1,0.3333333333333333
0,0,0,0
3,2,1,0.3333333333333333
0,0,0,0
3,3,0,0.0
7,5,2,0.2857142857142857
8,8,0,0.0
0,0,0,0
0,0,0,0
2,2,0,0.0
0,0,0,0
4,4,0,0.0
3,3,0,0.0
0,0,0,0
0,0,0,0
8,8,0,0.0
5,5,0,0.0
2,2,0,0.0
0,0,0,0
0,0,0,0
0,0,0,0
3,2,1,0.3333333333333333
4,4,0,0.0
0,0,0,0
3,3,0,0.0
0,0,0,0
0,0,0,0
1,0,1,1.0
0,0,0,0
3,3,0,0.0
2,1,1,0.5
0,0,0,0
1,1,0,0.0
2,2,0,0.0
0,0,0,0
2,1,1,0.5
0,0,0,0
1,1,0,0.0
0,0,0,0
0,0,0,0
0,0,0,0
0,0,0,0
3,2,1,0.3333333333333333
0,0,0,0
0,0,0,0
2,2,0,0.0
2,2,0,0.0
3,1,2,0.6666666666666666
4,4,0,0.0
1,0,1,1.0
1,0,1,1.0
0,0,0,0
8,8,0,0.0
2,2,0,0.0
1,1,0,0.0
6,6,0,0.0
1,0,1,1.0
3,3,0,0.0
2,0,2,1.0
0,0,0,0
0,0,0,0
1,1,0,0.0
0,0,0,0
0,0,0,0
0,0,0,0
5,4,1,0.2
1,1,0,0.0
0,0,0,0
2,1,1,0.5
0,0,0,0
5,5,0,0.0
7,6,1,0.14285714285714285
1,0,1,1.0
1,1,0,0.0
0,0,0,0
0,0,0,0
0,0,0,0
0,0,0,0
0,0,0,0
3,2,1,0.3333333333333333
5,5,0,0.0
0,0,0,0
0,0,0,0
9,7,2,0.2222222222222222
4,4,0,0.0
0,0,0,0
5,5,0,0.0
2,2,0,0.0
1,0,1,1.0
0,0,0,0
0,0,0,0
0,0,0,0
1,1,0,0.0
0,0,0,0
4,3,1,0.25
4,3,1,0.25
0,0,0,0
3,2,1,0.3333333333333333
0,0,0,0
0,0,0,0
0,0,0,0
0,0,0,0
1,1,0,0.0
1,1,0,0.0
0,0,0,0
0,0,0,0
0,0,0,0
7,6,1,0.14285714285714285
4,2,2,0.5
9,9,0,0.0
0,0,0,0
1,1,0,0.0
0,0,0,0
0,0,0,0
0,0,0,0
0,0,0,0
7,5,2,0.2857142857142857
0,0,0,0
1,1,0,0.0
4,4,0,0.0
1,1,0,0.0
2,1,1,0.5
0,0,0,0
2,2,0,0.0
0,0,0,0
0,0,0,0
1,1,0,0.0
0,0,0,0
0,0,0,0
1,1,0,0.0
7,7,0,0.0
2,1,1,0.5
2,2,0,0.0
1,1,0,0.0
0,0,0,0
0,0,0,0
6,6,0,0.0
0,0,0,0
3,3,0,0.0
0,0,0,0
0,0,0,0
1,1,0,0.0
6,5,1,0.16666666666666666
1,1,0,0.0
3,2,1,0.3333333333333333
2,1,1,0.5
0,0,0,0
4,4,0,0.0
0,0,0,0
6,4,2,0.3333333333333333
0,0,0,0
1,0,1,1.0
0,0,0,0
1,1,0,0.0
5,4,1,0.2
2,2,0,0.0
4,3,1,0.25
0,0,0,0
8,8,0,0.0
5,4,1,0.2
4,3,1,0.25
5,3,2,0.4
1,1,0,0.0
0,0,0,0
1,0,1,1.0
0,0,0,0
0,0,0,0
1,0,1,1.0
5,4,1,0.2
1,1,0,0.0
1,0,1,1.0
5,4,1,0.2
0,0,0,0
0,0,0,0
0,0,0,0
1,1,0,0.0
0,0,0,0
4,4,0,0.0
4,4,0,0.0
1,1,0,0.0
5,5,0,0.0
5,3,2,0.4
0,0,0,0
2,2,0,0.0
0,0,0,0
0,0,0,0
0,0,0,0
6,6,0,0.0
3,3,0,0.0
2,1,1,0.5
0,0,0,0
0,0,0,0
1,1,0,0.0
1,1,0,0.0
0,0,0,0
0,0,0,0
6,6,0,0.0
5,5,0,0.0
5,5,0,0.0
0,0,0,0
3,3,0,0.0
1,0,1,1.0
4,4,0,0.0
1,1,0,0.0
2,1,1,0.5
0,0,0,0
5,5,0,0.0
0,0,0,0
6,5,1,0.16666666666666666
0,0,0,0
0,0,0,0
0,0,0,0
1,1,0,0.0
0,0,0,0
1,1,0,0.0
0,0,0,0
0,0,0,0
0,0,0,0
0,0,0,0
1,1,0,0.0
2,0,2,1.0
0,0,0,0
1,0,1,1.0
1,1,0,0.0
2,1,1,0.5
0,0,0,0
0,0,0,0
1,1,0,0.0
2,2,0,0.0
5,5,0,0.0
2,1,1,0.5
0,0,0,0
0,0,0,0
0,0,0,0
0,0,0,0
1,1,0,0.0
0,0,0,0
1,0,1,1.0
8,7,1,0.125
0,0,0,0
2,1,1,0.5
1,0,1,1.0
1,1,0,0.0
0,0,0,0
0,0,0,0
4,2,2,0.5
0,0,0,0
0,0,0,0
0,0,0,0
2,1,1,0.5
4,4,0,0.0
0,0,0,0
0,0,0,0
0,0,0,0
1,0,1,1.0
0,0,0,0
0,0,0,0
1,1,0,0.0
4,4,0,0.0
0,0,0,0
0,0,0,0
1,1,0,0.0
0,0,0,0
3,3,0,0.0
1,1,0,0.0
4,4,0,0.0
2,1,1,0.5
1,1,0,0.0
4,4,0,0.0
0,0,0,0
0,0,0,0
0,0,0,0
0,0,0,0
2,2,0,0.0
3,3,0,0.0
0,0,0,0
0,0,0,0
8,7,1,0.125
1,1,0,0.0
2,2,0,0.0
9,9,0,0.0
0,0,0,0
0,0,0,0
3,3,0,0.0
7,6,1,0.14285714285714285
1,1,0,0.0
0,0,0,0
2,2,0,0.0
0,0,0,0
0,0,0,0
1,0,1,1.0
3,1,2,0.6666666666666666
7,7,0,0.0
6,5,1,0.16666666666666666
0,0,0,0
0,0,0,0
0,0,0,0
0,0,0,0
3,3,0,0.0
0,0,0,0
1,1,0,0.0
1,1,0,0.0
4,3,1,0.25
1,0,1,1.0
5,5,0,0.0
3,1,2,0.6666666666666666
0,0,0,0
5,4,1,0.2
0,0,0,0
0,0,0,0
0,0,0,0
4,4,0,0.0
0,0,0,0
1,1,0,0.0
1,0,1,1.0
0,0,0,0
1,0,1,1.0
0,0,0,0
0,0,0,0
0,0,0,0
0,0,0,0
2,2,0,0.0
0,0,0,0
2,2,0,0.0
3,2,1,0.3333333333333333
5,5,0,0.0
5,4,1,0.2
2,2,0,0.0
0,0,0,0
0,0,0,0
0,0,0,0
0,0,0,0
1,0,1,1.0
0,0,0,0
5,5,0,0.0
0,0,0,0
0,0,0,0
0,0,0,0
2,2,0,0.0
2,2,0,0.0
1,1,0,0.0
0,0,0,0
3,3,0,0.0
4,2,2,0.5
2,2,0,0.0
3,3,0,0.0
0,0,0,0
6,6,0,0.0
2,1,1,0.5
0,0,0,0
0,0,0,0
2,1,1,0.5
1,1,0,0.0
0,0,0,0
0,0,0,0
0,0,0,0
5,5,0,0.0
1,1,0,0.0
0,0,0,0
0,0,0,0
4,2,2,0.5
0,0,0,0
4,4,0,0.0
2,2,0,0.0
1,1,0,0.0
0,0,0,0
2,0,2,1.0
1,1,0,0.0
6,5,1,0.16666666666666666
0,0,0,0
0,0,0,0
4,4,0,0.0
0,0,0,0
0,0,0,0
0,0,0,0
2,2,0,0.0
1,1,0,0.0
2,2,0,0.0
2,2,0,0.0
5,5,0,0.0
0,0,0,0
1,1,0,0.0
5,4,1,0.2
4,4,0,0.0
0,0,0,0
2,2,0,0.0
8,7,1,0.125
0,0,0,0
0,0,0,0
5,4,1,0.2
1,1,0,0.0
0,0,0,0
0,0,0,0
1,1,0,0.0
0,0,0,0
0,0,0,0
8,8,0,0.0
0,0,0,0
0,0,0,0
3,3,0,0.0
0,0,0,0
0,0,0,0
0,0,0,0
3,3,0,0.0
7,7,0,0.0
1,1,0,0.0
0,0,0,0
8,7,1,0.125
1,1,0,0.0
2,2,0,0.0
3,1,2,0.6666666666666666
0,0,0,0
4,3,1,0.25
1,1,0,0.0
0,0,0,0
0,0,0,0
0,0,0,0
2,2,0,0.0
0,0,0,0
0,0,0,0
0,0,0,0
0,0,0,0
2,2,0,0.0
0,0,0,0
0,0,0,0
2,2,0,0.0
8,6,2,0.25
3,3,0,0.0
9,8,1,0.1111111111111111
3,2,1,0.3333333333333333
10,9,1,0.1
2,1,1,0.5
1,0,1,1.0
0,0,0,0
3,2,1,0.3333333333333333
1,1,0,0.0
4,4,0,0.0
0,0,0,0
2,2,0,0.0
1,0,1,1.0
7,6,1,0.14285714285714285
0,0,0,0
1,0,1,1.0
0,0,0,0
3,2,1,0.3333333333333333
5,2,3,0.6
1,1,0,0.0
0,0,0,0
1,0,1,1.0
0,0,0,0
3,3,0,0.0
3,1,2,0.6666666666666666
0,0,0,0
1,1,0,0.0
0,0,0,0
3,3,0,0.0
3,3,0,0.0
3,2,1,0.3333333333333333
0,0,0,0
3,2,1,0.3333333333333333
6,6,0,0.0
7,7,0,0.0
0,0,0,0
0,0,0,0
0,0,0,0
0,0,0,0
5,5,0,0.0
3,2,1,0.3333333333333333
6,6,0,0.0
6,6,0,0.0
1,0,1,1.0
2,2,0,0.0
1,1,0,0.0
0,0,0,0
0,0,0,0
2,2,0,0.0
0,0,0,0
0,0,0,0
0,0,0,0
0,0,0,0
1,1,0,0.0
8,8,0,0.0
0,0,0,0
5,5,0,0.0
0,0,0,0
1,0,1,1.0
2,2,0,0.0
8,8,0,0.0
0,0,0,0
1,1,0,0.0
0,0,0,0
0,0,0,0
0,0,0,0
0,0,0,0
2,1,1,0.5
0,0,0,0
0,0,0,0
3,1,2,0.6666666666666666
0,0,0,0
1,1,0,0.0
0,0,0,0
0,0,0,0
0,0,0,0
0,0,0,0
0,0,0,0
1,1,0,0.0
3,3,0,0.0
0,0,0,0
3,3,0,0.0
0,0,0,0
1,0,1,1.0
1,0,1,1.0
0,0,0,0
2,1,1,0.5
0,0,0,0
5,5,0,0.0
0,0,0,0
0,0,0,0
5,4,1,0.2
0,0,0,0
0,0,0,0
0,0,0,0
1,1,0,0.0
0,0,0,0
3,3,0,0.0
0,0,0,0
0,0,0,0
0,0,0,0
0,0,0,0
2,1,1,0.5
0,0,0,0
0,0,0,0
7,6,1,0.14285714285714285
0,0,0,0
1,1,0,0.0
0,0,0,0
0,0,0,0
3,3,0,0.0
0,0,0,0
2,1,1,0.5
1,1,0,0.0
2,2,0,0.0
0,0,0,0
2,2,0,0.0
0,0,0,0
4,4,0,0.0
0,0,0,0
3,2,1,0.3333333333333333
0,0,0,0
0,0,0,0
1,1,0,0.0
9,9,0,0.0
0,0,0,0
3,2,1,0.3333333333333333
1,1,0,0.0
0,0,0,0
1,1,0,0.0
0,0,0,0
0,0,0,0
0,0,0,0
2,2,0,0.0
0,0,0,0
3,3,0,0.0
0,0,0,0
0,0,0,0
4,4,0,0.0
5,5,0,0.0
2,2,0,0.0
0,0,0,0
2,1,1,0.5
0,0,0,0
2,1,1,0.5
3,0,3,1.0
6,6,0,0.0
0,0,0,0
3,3,0,0.0
0,0,0,0
1,1,0,0.0
3,3,0,0.0
9,9,0,0.0
1,1,0,0.0
6,5,1,0.16666666666666666
0,0,0,0
0,0,0,0
0,0,0,0
2,2,0,0.0
3,2,1,0.3333333333333333
3,2,1,0.3333333333333333
0,0,0,0
0,0,0,0
6,4,2,0.3333333333333333
1,1,0,0.0
0,0,0,0
0,0,0,0
3,2,1,0.3333333333333333
2,2,0,0.0
0,0,0,0
0,0,0,0
0,0,0,0
0,0,0,0
0,0,0,0
0,0,0,0
0,0,0,0
0,0,0,0
0,0,0,0
0,0,0,0
0,0,0,0
2,2,0,0.0
7,7,0,0.0
0,0,0,0
1,0,1,1.0
0,0,0,0
10,9,1,0.1
0,0,0,0
0,0,0,0
8,7,1,0.125
2,0,2,1.0
2,2,0,0.0
4,4,0,0.0
0,0,0,0
0,0,0,0
1,0,1,1.0
1,1,0,0.0
8,8,0,0.0
3,1,2,0.6666666666666666
1,1,0,0.0
7,7,0,0.0
0,0,0,0
3,2,1,0.3333333333333333
7,6,1,0.14285714285714285
0,0,0,0
0,0,0,0
3,3,0,0.0
0,0,0,0
0,0,0,0
0,0,0,0
0,0,0,0
1,1,0,0.0
0,0,0,0
8,8,0,0.0
0,0,0,0
0,0,0,0
0,0,0,0
0,0,0,0
1,1,0,0.0
0,0,0,0
0,0,0,0
0,0,0,0
1,1,0,0.0
1,1,0,0.0
0,0,0,0
1,1,0,0.0
0,0,0,0
0,0,0,0
1,1,0,0.0
0,0,0,0
2,2,0,0.0
0,0,0,0
2,1,1,0.5
0,0,0,0
1,1,0,0.0
1,1,0,0.0
0,0,0,0
6,5,1,0.16666666666666666
1,0,1,1.0
2,2,0,0.0
6,5,1,0.16666666666666666
0,0,0,0
2,2,0,0.0
0,0,0,0
0,0,0,0
0,0,0,0
4,4,0,0.0
2,2,0,0.0
0,0,0,0
1,1,0,0.0
5,2,3,0.6
3,3,0,0.0
0,0,0,0
3,3,0,0.0
5,4,1,0.2
3,3,0,0.0
4,4,0,0.0
0,0,0,0
0,0,0,0
7,7,0,0.0
0,0,0,0
1,1,0,0.0
0,0,0,0
0,0,0,0
2,2,0,0.0
0,0,0,0
1,1,0,0.0
0,0,0,0
0,0,0,0
1,1,0,0.0
6,3,3,0.5
2,1,1,0.5
0,0,0,0
3,3,0,0.0
0,0,0,0
0,0,0,0
10,9,1,0.1
1,1,0,0.0
0,0,0,0
1,1,0,0.0
0,0,0,0
0,0,0,0
0,0,0,0
1,1,0,0.0
0,0,0,0
0,0,0,0
0,0,0,0
2,1,1,0.5
0,0,0,0
1,1,0,0.0
4,4,0,0.0
2,2,0,0.0
0,0,0,0
1,1,0,0.0
0,0,0,0
1,1,0,0.0
4,4,0,0.0
0,0,0,0
1,1,0,0.0
0,0,0,0
5,3,2,0.4
1,1,0,0.0
1,1,0,0.0
1,1,0,0.0
0,0,0,0
2,2,0,0.0
0,0,0,0
0,0,0,0
5,5,0,0.0
1,1,0,0.0
1,0,1,1.0
0,0,0,0
0,0,0,0
3,3,0,0.0
2,1,1,0.5
0,0,0,0
0,0,0,0
0,0,0,0
0,0,0,0
2,2,0,0.0
0,0,0,0
0,0,0,0
2,2,0,0.0
0,0,0,0
1,1,0,0.0
0,0,0,0
4,4,0,0.0
6,5,1,0.16666666666666666
3,2,1,0.3333333333333333
3,2,1,0.3333333333333333
0,0,0,0
7,7,0,0.0
4,4,0,0.0
0,0,0,0
1,1,0,0.0
8,7,1,0.125
1,0,1,1.0
3,2,1,0.3333333333333333
0,0,0,0
1,1,0,0.0
1,1,0,0.0
0,0,0,0
4,3,1,0.25
0,0,0,0
0,0,0,0
3,2,1,0.3333333333333333
3,3,0,0.0
0,0,0,0
1,0,1,1.0
4,3,1,0.25
2,2,0,0.0
8,8,0,0.0
1,1,0,0.0
0,0,0,0
2,1,1,0.5
0,0,0,0
2,2,0,0.0
1,1,0,0.0
1,1,0,0.0
7,5,2,0.2857142857142857
0,0,0,0
0,0,0,0
0,0,0,0
0,0,0,0
2,1,1,0.5
1,1,0,0.0
0,0,0,0
1,1,0,0.0
0,0,0,0
2,1,1,0.5
2,2,0,0.0
5,4,1,0.2
5,4,1,0.2
0,0,0,0
0,0,0,0
2,0,2,1.0
2,1,1,0.5
0,0,0,0
0,0,0,0
5,4,1,0.2
0,0,0,0
3,3,0,0.0
0,0,0,0
4,4,0,0.0
2,1,1,0.5
0,0,0,0
0,0,0,0
0,0,0,0
0,0,0,0
0,0,0,0
2,2,0,0.0
1,0,1,1.0
2,2,0,0.0
1,1,0,0.0
2,1,1,0.5
0,0,0,0
1,0,1,1.0
1,0,1,1.0
0,0,0,0
0,0,0,0
1,1,0,0.0
0,0,0,0
0,0,0,0
0,0,0,0
0,0,0,0
0,0,0,0
5,4,1,0.2
0,0,0,0
0,0,0,0
7,7,0,0.0
6,3,3,0.5
0,0,0,0
3,3,0,0.0
5,5,0,0.0
0,0,0,0
3,3,0,0.0
3,2,1,0.3333333333333333
0,0,0,0
0,0,0,0
6,5,1,0.16666666666666666
8,8,0,0.0
1,1,0,0.0
1,1,0,0.0
2,1,1,0.5
7,7,0,0.0
1,1,0,0.0
4,3,1,0.25
0,0,0,0
4,3,1,0.25
0,0,0,0
3,2,1,0.3333333333333333
0,0,0,0
0,0,0,0
3,2,1,0.3333333333333333
0,0,0,0
0,0,0,0
4,4,0,0.0
0,0,0,0
0,0,0,0
2,2,0,0.0
2,1,1,0.5
0,0,0,0
0,0,0,0
7,6,1,0.14285714285714285
0,0,0,0
3,1,2,0.6666666666666666
1,1,0,0.0
0,0,0,0
7,7,0,0.0
0,0,0,0
3,2,1,0.3333333333333333
1,0,1,1.0
5,3,2,0.4
4,2,2,0.5
0,0,0,0
6,5,1,0.16666666666666666
4,3,1,0.25
8,8,0,0.0
0,0,0,0
6,6,0,0.0
2,2,0,0.0
3,3,0,0.0
2,2,0,0.0
2,2,0,0.0
1,1,0,0.0
2,2,0,0.0
0,0,0,0
5,5,0,0.0
2,2,0,0.0
2,1,1,0.5
1,0,1,1.0
0,0,0,0
0,0,0,0
0,0,0,0
0,0,0,0
0,0,0,0
2,1,1,0.5
0,0,0,0
3,2,1,0.3333333333333333
10,9,1,0.1
0,0,0,0
2,2,0,0.0
0,0,0,0
0,0,0,0
2,2,0,0.0
0,0,0,0
0,0,0,0
0,0,0,0
0,0,0,0
0,0,0,0
2,2,0,0.0
3,2,1,0.3333333333333333
0,0,0,0
0,0,0,0
0,0,0,0
0,0,0,0
4,2,2,0.5
1,1,0,0.0
2,2,0,0.0
0,0,0,0
0,0,0,0
0,0,0,0
0,0,0,0
8,5,3,0.375
0,0,0,0
0,0,0,0
9,9,0,0.0
0,0,0,0
3,3,0,0.0
3,3,0,0.0
0,0,0,0
0,0,0,0
1,1,0,0.0
0,0,0,0
0,0,0,0
0,0,0,0
1,1,0,0.0
0,0,0,0
0,0,0,0
0,0,0,0
0,0,0,0
5,5,0,0.0
0,0,0,0
0,0,0,0
0,0,0,0
0,0,0,0
1,1,0,0.0
1,1,0,0.0
0,0,0,0
2,1,1,0.5
0,0,0,0
0,0,0,0
9,9,0,0.0
0,0,0,0
5,5,0,0.0
1,0,1,1.0
0,0,0,0
5,4,1,0.2
0,0,0,0
0,0,0,0
0,0,0,0
1,1,0,0.0
0,0,0,0
3,3,0,0.0
4,3,1,0.25
8,8,0,0.0
2,2,0,0.0
1,1,0,0.0
0,0,0,0
0,0,0,0
0,0,0,0
3,3,0,0.0
1,1,0,0.0
3,3,0,0.0
1,1,0,0.0
0,0,0,0
0,0,0,0
0,0,0,0
1,1,0,0.0
1,0,1,1.0
0,0,0,0
0,0,0,0
0,0,0,0
0,0,0,0
0,0,0,0
0,0,0,0
7,7,0,0.0
0,0,0,0
2,1,1,0.5
9,9,0,0.0
3,3,0,0.0
0,0,0,0
1,1,0,0.0
0,0,0,0
6,5,1,0.16666666666666666
0,0,0,0
2,2,0,0.0
1,1,0,0.0
0,0,0,0
2,2,0,0.0
0,0,0,0
6,6,0,0.0
0,0,0,0
0,0,0,0
0,0,0,0
3,3,0,0.0
0,0,0,0
4,3,1,0.25
0,0,0,0
4,4,0,0.0
0,0,0,0
0,0,0,0
0,0,0,0
0,0,0,0
5,5,0,0.0
3,3,0,0.0
0,0,0,0
2,2,0,0.0
0,0,0,0
1,1,0,0.0
3,1,2,0.6666666666666666
1,0,1,1.0
0,0,0,0
4,3,1,0.25
1,1,0,0.0
2,2,0,0.0
0,0,0,0
1,0,1,1.0
5,2,3,0.6
1,1,0,0.0
2,1,1,0.5
1,1,0,0.0
0,0,0,0
0,0,0,0
0,0,0,0
1,1,0,0.0
1,1,0,0.0
1,1,0,0.0
0,0,0,0
0,0,0,0
0,0,0,0
0,0,0,0
1,1,0,0.0
2,0,2,1.0
1,0,1,1.0
0,0,0,0
0,0,0,0
1,1,0,0.0
0,0,0,0
0,0,0,0
0,0,0,0
0,0,0,0
0,0,0,0
4,3,1,0.25
0,0,0,0
0,0,0,0
0,0,0,0
0,0,0,0
1,0,1,1.0
0,0,0,0
5,4,1,0.2
1,0,1,1.0
0,0,0,0
2,1,1,0.5
1,0,1,1.0
0,0,0,0
1,0,1,1.0
1,0,1,1.0
1,1,0,0.0
0,0,0,0
7,4,3,0.42857142857142855
6,5,1,0.16666666666666666
0,0,0,0
0,0,0,0
1,1,0,0.0
2,1,1,0.5
2,0,2,1.0
0,0,0,0
5,4,1,0.2
0,0,0,0
0,0,0,0
0,0,0,0
3,1,2,0.6666666666666666
3,2,1,0.3333333333333333
0,0,0,0
0,0,0,0
1,0,1,1.0
4,3,1,0.25
2,2,0,0.0
0,0,0,0
0,0,0,0
1,1,0,0.0
1,0,1,1.0
3,2,1,0.3333333333333333
0,0,0,0
6,6,0,0.0
0,0,0,0
0,0,0,0
0,0,0,0
1,1,0,0.0
6,6,0,0.0
8,7,1,0.125
0,0,0,0
2,1,1,0.5
4,2,2,0.5
4,4,0,0.0
0,0,0,0
1,0,1,1.0
2,2,0,0.0
3,2,1,0.3333333333333333
1,0,1,1.0
0,0,0,0
0,0,0,0
0,0,0,0
0,0,0,0
0,0,0,0
5,5,0,0.0
0,0,0,0
1,0,1,1.0
0,0,0,0
1,1,0,0.0
3,2,1,0.3333333333333333
4,2,2,0.5
0,0,0,0
5,4,1,0.2
0,0,0,0
0,0,0,0
2,2,0,0.0
5,3,2,0.4
1,0,1,1.0
1,1,0,0.0
0,0,0,0
4,4,0,0.0
0,0,0,0
1,1,0,0.0
1,1,0,0.0
0,0,0,0
0,0,0,0
3,1,2,0.6666666666666666
2,1,1,0.5
2,2,0,0.0
0,0,0,0
0,0,0,0
0,0,0,0
1,1,0,0.0
5,5,0,0.0
3,3,0,0.0
2,2,0,0.0
4,4,0,0.0
3,3,0,0.0
0,0,0,0
0,0,0,0
2,0,2,1.0
0,0,0,0
2,2,0,0.0
2,2,0,0.0
0,0,0,0
0,0,0,0
3,3,0,0.0
0,0,0,0
4,4,0,0.0
0,0,0,0
0,0,0,0
2,2,0,0.0
4,2,2,0.5
9,9,0,0.0
0,0,0,0
1,1,0,0.0
2,1,1,0.5
0,0,0,0
0,0,0,0
0,0,0,0
2,2,0,0.0
7,4,3,0.42857142857142855
10,9,1,0.1
0,0,0,0
0,0,0,0
0,0,0,0
5,4,1,0.2
1,1,0,0.0
0,0,0,0
3,3,0,0.0
1,1,0,0.0
1,1,0,0.0
0,0,0,0
2,2,0,0.0
2,2,0,0.0
4,4,0,0.0
0,0,0,0
4,4,0,0.0
0,0,0,0
4,4,0,0.0
0,0,0,0
2,1,1,0.5
0,0,0,0
1,1,0,0.0
1,1,0,0.0
4,4,0,0.0
8,7,1,0.125
3,3,0,0.0
0,0,0,0
0,0,0,0
0,0,0,0
1,0,1,1.0
0,0,0,0
0,0,0,0
5,5,0,0.0
1,1,0,0.0
0,0,0,0
0,0,0,0
1,1,0,0.0
0,0,0,0
0,0,0,0
3,3,0,0.0
0,0,0,0
3,3,0,0.0
3,3,0,0.0
5,4,1,0.2
2,2,0,0.0
0,0,0,0
3,3,0,0.0
4,4,0,0.0
0,0,0,0
0,0,0,0
6,5,1,0.16666666666666666
0,0,0,0
0,0,0,0
2,2,0,0.0
0,0,0,0
0,0,0,0
0,0,0,0
0,0,0,0
6,6,0,0.0
4,2,2,0.5
0,0,0,0
0,0,0,0
6,5,1,0.16666666666666666
4,4,0,0.0
0,0,0,0
0,0,0,0
0,0,0,0
1,1,0,0.0
6,6,0,0.0
0,0,0,0
0,0,0,0
2,2,0,0.0
4,2,2,0.5
2,2,0,0.0
1,1,0,0.0
0,0,0,0
5,3,2,0.4
0,0,0,0
2,1,1,0.5
0,0,0,0
2,2,0,0.0
0,0,0,0
2,2,0,0.0
1,1,0,0.0
1,1,0,0.0
0,0,0,0
1,0,1,1.0
0,0,0,0
4,3,1,0.25
1,1,0,0.0
3,3,0,0.0
5,5,0,0.0
0,0,0,0
0,0,0,0
0,0,0,0
4,2,2,0.5
2,1,1,0.5
0,0,0,0
0,0,0,0
2,2,0,0.0
9,7,2,0.2222222222222222
0,0,0,0
0,0,0,0
10,8,2,0.2
0,0,0,0
2,1,1,0.5
4,4,0,0.0
0,0,0,0
2,2,0,0.0
2,2,0,0.0
0,0,0,0
6,5,1,0.16666666666666666
2,1,1,0.5
0,0,0,0
0,0,0,0
0,0,0,0
0,0,0,0
0,0,0,0
1,0,1,1.0
0,0,0,0
0,0,0,0
0,0,0,0
0,0,0,0
0,0,0,0
0,0,0,0
0,0,0,0
1,0,1,1.0
0,0,0,0
3,3,0,0.0
0,0,0,0
0,0,0,0
0,0,0,0
0,0,0,0
2,2,0,0.0
0,0,0,0
0,0,0,0
0,0,0,0
1,1,0,0.0
7,7,0,0.0
0,0,0,0
0,0,0,0
8,8,0,0.0
0,0,0,0
1,1,0,0.0
1,1,0,0.0
6,6,0,0.0
0,0,0,0
0,0,0,0
0,0,0,0
1,1,0,0.0
3,2,1,0.3333333333333333
1,1,0,0.0
0,0,0,0
0,0,0,0
2,1,1,0.5
2,2,0,0.0
0,0,0,0
0,0,0,0
0,0,0,0
0,0,0,0
1,0,1,1.0
8,6,2,0.25
0,0,0,0
0,0,0,0
8,7,1,0.125
0,0,0,0
0,0,0,0
1,1,0,0.0
0,0,0,0
0,0,0,0
6,5,1,0.16666666666666666
2,2,0,0.0
0,0,0,0
0,0,0,0
0,0,0,0
0,0,0,0
3,3,0,0.0
0,0,0,0
0,0,0,0
0,0,0,0
0,0,0,0
0,0,0,0
3,3,0,0.0
6,5,1,0.16666666666666666
1,1,0,0.0
0,0,0,0
1,0,1,1.0
0,0,0,0
8,7,1,0.125
4,3,1,0.25
0,0,0,0
0,0,0,0
2,2,0,0.0
4,3,1,0.25
6,5,1,0.16666666666666666
0,0,0,0
0,0,0,0
3,2,1,0.3333333333333333
2,2,0,0.0
3,2,1,0.3333333333333333
0,0,0,0
0,0,0,0
0,0,0,0
8,6,2,0.25
0,0,0,0
1,1,0,0.0
5,5,0,0.0
3,2,1,0.3333333333333333
1,1,0,0.0
0,0,0,0
1,0,1,1.0
0,0,0,0
2,2,0,0.0
1,1,0,0.0
1,1,0,0.0
0,0,0,0
1,1,0,0.0
0,0,0,0
0,0,0,0
0,0,0,0
0,0,0,0
2,2,0,0.0
1,1,0,0.0
2,2,0,0.0
2,2,0,0.0
3,2,1,0.3333333333333333
0,0,0,0
6,5,1,0.16666666666666666
0,0,0,0
0,0,0,0
1,0,1,1.0
3,3,0,0.0
0,0,0,0
1,1,0,0.0
2,0,2,1.0
3,3,0,0.0
0,0,0,0
2,2,0,0.0
2,1,1,0.5
0,0,0,0
1,1,0,0.0
0,0,0,0
1,1,0,0.0
0,0,0,0
0,0,0,0
7,5,2,0.2857142857142857
0,0,0,0
1,1,0,0.0
0,0,0,0
0,0,0,0
0,0,0,0
3,3,0,0.0
0,0,0,0
3,3,0,0.0
10,9,1,0.1
0,0,0,0
0,0,0,0
2,2,0,0.0
2,1,1,0.5
1,1,0,0.0
0,0,0,0
0,0,0,0
7,7,0,0.0
0,0,0,0
0,0,0,0
2,1,1,0.5
8,7,1,0.125
1,0,1,1.0
0,0,0,0
0,0,0,0
0,0,0,0
3,3,0,0.0
0,0,0,0
0,0,0,0
0,0,0,0
1,0,1,1.0
2,2,0,0.0
0,0,0,0
0,0,0,0
2,1,1,0.5
0,0,0,0
1,1,0,0.0
2,1,1,0.5
3,3,0,0.0
3,2,1,0.3333333333333333
4,3,1,0.25
7,7,0,0.0
0,0,0,0
2,2,0,0.0
2,2,0,0.0
0,0,0,0
8,6,2,0.25
1,1,0,0.0
0,0,0,0
2,1,1,0.5
6,6,0,0.0
0,0,0,0
1,1,0,0.0
0,0,0,0
2,2,0,0.0
5,2,3,0.6
0,0,0,0
0,0,0,0
0,0,0,0
0,0,0,0
0,0,0,0
4,4,0,0.0
0,0,0,0
2,1,1,0.5
1,0,1,1.0
1,0,1,1.0
2,2,0,0.0
0,0,0,0
3,3,0,0.0
2,1,1,0.5
0,0,0,0
3,3,0,0.0
0,0,0,0
1,1,0,0.0
0,0,0,0
9,8,1,0.1111111111111111
0,0,0,0
2,2,0,0.0
4,2,2,0.5
6,5,1,0.16666666666666666
1,0,1,1.0
0,0,0,0
1,1,0,0.0
0,0,0,0
1,1,0,0.0
6,6,0,0.0
0,0,0,0
1,1,0,0.0
2,1,1,0.5
3,3,0,0.0
3,3,0,0.0
0,0,0,0
0,0,0,0
0,0,0,0
2,2,0,0.0
0,0,0,0
2,2,0,0.0
2,2,0,0.0
9,6,3,0.3333333333333333
1,1,0,0.0
0,0,0,0
4,3,1,0.25
0,0,0,0
0,0,0,0
0,0,0,0
1,1,0,0.0
1,1,0,0.0
0,0,0,0
0,0,0,0
0,0,0,0
0,0,0,0
3,2,1,0.3333333333333333
5,5,0,0.0
1,1,0,0.0
1,0,1,1.0
5,5,0,0.0
4,3,1,0.25
2,1,1,0.5
2,1,1,0.5
1,1,0,0.0
1,1,0,0.0
2,2,0,0.0
0,0,0,0
0,0,0,0
8,6,2,0.25
0,0,0,0
2,0,2,1.0
1,1,0,0.0
0,0,0,0
0,0,0,0
0,0,0,0
0,0,0,0
2,2,0,0.0
0,0,0,0
0,0,0,0
0,0,0,0
3,2,1,0.3333333333333333
0,0,0,0
0,0,0,0
6,6,0,0.0
0,0,0,0
9,8,1,0.1111111111111111
8,8,0,0.0
3,3,0,0.0
0,0,0,0
2,2,0,0.0
2,1,1,0.5
1,1,0,0.0
1,1,0,0.0
0,0,0,0
7,7,0,0.0
8,6,2,0.25
0,0,0,0
0,0,0,0
0,0,0,0
1,1,0,0.0
0,0,0,0
1,1,0,0.0
3,3,0,0.0
0,0,0,0
0,0,0,0
0,0,0,0
4,4,0,0.0
1,1,0,0.0
3,2,1,0.3333333333333333
0,0,0,0
0,0,0,0
4,4,0,0.0
1,0,1,1.0
1,1,0,0.0
3,3,0,0.0
4,4,0,0.0
0,0,0,0
0,0,0,0
0,0,0,0
0,0,0,0
0,0,0,0
1,1,0,0.0
3,3,0,0.0
2,2,0,0.0
2,1,1,0.5
0,0,0,0
0,0,0,0
2,2,0,0.0
0,0,0,0
1,1,0,0.0
0,0,0,0
2,2,0,0.0
4,4,0,0.0
0,0,0,0
0,0,0,0
0,0,0,0
3,3,0,0.0
1,1,0,0.0
3,2,1,0.3333333333333333
1,1,0,0.0
0,0,0,0
1,0,1,1.0
0,0,0,0
1,1,0,0.0
0,0,0,0
7,7,0,0.0
3,2,1,0.3333333333333333
0,0,0,0
0,0,0,0
0,0,0,0
0,0,0,0
1,0,1,1.0
1,1,0,0.0
0,0,0,0
0,0,0,0
5,5,0,0.0
0,0,0,0
0,0,0,0
1,1,0,0.0
0,0,0,0
7,7,0,0.0
0,0,0,0
0,0,0,0
7,7,0,0.0
4,4,0,0.0
0,0,0,0
0,0,0,0
7,6,1,0.14285714285714285
0,0,0,0
2,2,0,0.0
0,0,0,0
0,0,0,0
0,0,0,0
7,7,0,0.0
1,1,0,0.0
0,0,0,0
2,2,0,0.0
0,0,0,0
0,0,0,0
0,0,0,0
2,2,0,0.0
8,4,4,0.5
0,0,0,0
0,0,0,0
3,3,0,0.0
0,0,0,0
5,4,1,0.2
0,0,0,0
2,2,0,0.0
6,3,3,0.5
6,6,0,0.0
0,0,0,0
0,0,0,0
1,0,1,1.0
5,4,1,0.2
0,0,0,0
0,0,0,0
0,0,0,0
0,0,0,0
1,0,1,1.0
0,0,0,0
1,1,0,0.0
3,3,0,0.0
2,1,1,0.5
0,0,0,0
1,0,1,1.0
3,3,0,0.0
1,1,0,0.0
0,0,0,0
1,1,0,0.0
3,3,0,0.0
0,0,0,0
4,4,0,0.0
2,1,1,0.5
1,0,1,1.0
0,0,0,0
1,1,0,0.0
1,1,0,0.0
1,0,1,1.0
0,0,0,0
0,0,0,0
0,0,0,0
0,0,0,0
5,5,0,0.0
3,2,1,0.3333333333333333
3,3,0,0.0
2,2,0,0.0
4,4,0,0.0
8,8,0,0.0
0,0,0,0
0,0,0,0
2,2,0,0.0
1,1,0,0.0
0,0,0,0
2,2,0,0.0
0,0,0,0
0,0,0,0
0,0,0,0
2,2,0,0.0
3,1,2,0.6666666666666666
0,0,0,0
1,1,0,0.0
6,5,1,0.16666666666666666
2,2,0,0.0
0,0,0,0
4,4,0,0.0
0,0,0,0
0,0,0,0
3,3,0,0.0
3,3,0,0.0
0,0,0,0
0,0,0,0
1,1,0,0.0
0,0,0,0
3,1,2,0.6666666666666666
0,0,0,0
1,1,0,0.0
2,1,1,0.5
0,0,0,0
0,0,0,0
0,0,0,0
0,0,0,0
6,6,0,0.0
0,0,0,0
0,0,0,0
3,3,0,0.0
0,0,0,0
0,0,0,0
4,3,1,0.25
1,1,0,0.0
0,0,0,0
4,3,1,0.25
7,6,1,0.14285714285714285
0,0,0,0
6,6,0,0.0
0,0,0,0
5,4,1,0.2
1,0,1,1.0
0,0,0,0
0,0,0,0
5,5,0,0.0
4,3,1,0.25
0,0,0,0
2,2,0,0.0
7,6,1,0.14285714285714285
9,8,1,0.1111111111111111
0,0,0,0
0,0,0,0
0,0,0,0
0,0,0,0
0,0,0,0
0,0,0,0
0,0,0,0
7,6,1,0.14285714285714285
0,0,0,0
1,0,1,1.0
3,3,0,0.0
2,2,0,0.0
1,0,1,1.0
0,0,0,0
3,3,0,0.0
8,7,1,0.125
0,0,0,0
0,0,0,0
4,3,1,0.25
1,1,0,0.0
1,1,0,0.0
1,1,0,0.0
4,1,3,0.75
0,0,0,0
0,0,0,0
2,2,0,0.0
1,1,0,0.0
0,0,0,0
0,0,0,0
3,3,0,0.0
0,0,0,0
3,3,0,0.0
0,0,0,0
0,0,0,0
0,0,0,0
1,1,0,0.0
4,4,0,0.0
5,5,0,0.0
2,2,0,0.0
5,5,0,0.0
0,0,0,0
0,0,0,0
2,1,1,0.5
5,2,3,0.6
0,0,0,0
0,0,0,0
0,0,0,0
0,0,0,0
7,6,1,0.14285714285714285
0,0,0,0
1,1,0,0.0
0,0,0,0
0,0,0,0
0,0,0,0
0,0,0,0
1,0,1,1.0
5,5,0,0.0
0,0,0,0
0,0,0,0
0,0,0,0
2,1,1,0.5
1,1,0,0.0
6,5,1,0.16666666666666666
0,0,0,0
0,0,0,0
2,0,2,1.0
4,4,0,0.0
10,9,1,0.1
0,0,0,0
8,8,0,0.0
6,6,0,0.0
0,0,0,0
8,6,2,0.25
7,5,2,0.2857142857142857
6,5,1,0.16666666666666666
0,0,0,0
0,0,0,0
0,0,0,0
0,0,0,0
0,0,0,0
2,1,1,0.5
4,4,0,0.0
3,3,0,0.0
0,0,0,0
5,5,0,0.0
0,0,0,0
1,1,0,0.0
1,1,0,0.0
1,1,0,0.0
0,0,0,0
3,2,1,0.3333333333333333
6,5,1,0.16666666666666666
2,2,0,0.0
2,2,0,0.0
0,0,0,0
0,0,0,0
2,0,2,1.0
3,3,0,0.0
0,0,0,0
1,0,1,1.0
1,0,1,1.0
0,0,0,0
0,0,0,0
0,0,0,0
0,0,0,0
0,0,0,0
1,1,0,0.0
0,0,0,0
3,3,0,0.0
0,0,0,0
0,0,0,0
0,0,0,0
6,4,2,0.3333333333333333
0,0,0,0
0,0,0,0
7,7,0,0.0
1,1,0,0.0
0,0,0,0
0,0,0,0
1,1,0,0.0
0,0,0,0
3,3,0,0.0
0,0,0,0
0,0,0,0
0,0,0,0
0,0,0,0
4,4,0,0.0
1,1,0,0.0
10,9,1,0.1
2,2,0,0.0
0,0,0,0
0,0,0,0
0,0,0,0
1,0,1,1.0
0,0,0,0
5,5,0,0.0
2,2,0,0.0
0,0,0,0
3,3,0,0.0
0,0,0,0
0,0,0,0
1,1,0,0.0
2,1,1,0.5
1,1,0,0.0
3,1,2,0.6666666666666666
6,6,0,0.0
2,2,0,0.0
0,0,0,0
5,3,2,0.4
0,0,0,0
1,1,0,0.0
0,0,0,0
6,6,0,0.0
0,0,0,0
5,3,2,0.4
0,0,0,0
1,0,1,1.0
2,1,1,0.5
0,0,0,0
3,3,0,0.0
0,0,0,0
3,1,2,0.6666666666666666
1,0,1,1.0
2,2,0,0.0
0,0,0,0
10,9,1,0.1
0,0,0,0
1,1,0,0.0
0,0,0,0
4,3,1,0.25
0,0,0,0
4,4,0,0.0
2,2,0,0.0
5,5,0,0.0
1,1,0,0.0
3,3,0,0.0
2,1,1,0.5
5,5,0,0.0
4,2,2,0.5
6,5,1,0.16666666666666666
0,0,0,0
1,0,1,1.0
1,1,0,0.0
2,2,0,0.0
0,0,0,0
0,0,0,0
0,0,0,0
3,3,0,0.0
2,2,0,0.0
3,2,1,0.3333333333333333
3,3,0,0.0
3,3,0,0.0
8,8,0,0.0
0,0,0,0
1,1,0,0.0
1,0,1,1.0
0,0,0,0
2,2,0,0.0
0,0,0,0
0,0,0,0
0,0,0,0
0,0,0,0
0,0,0,0
7,7,0,0.0
0,0,0,0
0,0,0,0
0,0,0,0
0,0,0,0
0,0,0,0
0,0,0,0
1,1,0,0.0
0,0,0,0
6,5,1,0.16666666666666666
5,5,0,0.0
2,1,1,0.5
0,0,0,0
2,1,1,0.5
0,0,0,0
0,0,0,0
0,0,0,0
4,3,1,0.25
0,0,0,0
1,1,0,0.0
1,1,0,0.0
0,0,0,0
0,0,0,0
0,0,0,0
0,0,0,0
0,0,0,0
1,0,1,1.0
0,0,0,0
0,0,0,0
0,0,0,0
1,1,0,0.0
0,0,0,0
5,5,0,0.0
2,2,0,0.0
7,6,1,0.14285714285714285
0,0,0,0
4,2,2,0.5
4,4,0,0.0
0,0,0,0
0,0,0,0
8,8,0,0.0
1,0,1,1.0
0,0,0,0
1,1,0,0.0
4,4,0,0.0
7,7,0,0.0
6,4,2,0.3333333333333333
1,1,0,0.0
4,4,0,0.0
1,1,0,0.0
0,0,0,0
1,1,0,0.0
2,2,0,0.0
0,0,0,0
2,2,0,0.0
3,3,0,0.0
6,6,0,0.0
0,0,0,0
0,0,0,0
1,1,0,0.0
3,3,0,0.0
1,1,0,0.0
0,0,0,0
0,0,0,0
0,0,0,0
1,0,1,1.0
4,4,0,0.0
6,3,3,0.5
0,0,0,0
0,0,0,0
6,4,2,0.3333333333333333
3,3,0,0.0
2,2,0,0.0
6,5,1,0.16666666666666666
0,0,0,0
0,0,0,0
0,0,0,0
3,3,0,0.0
4,4,0,0.0
0,0,0,0
0,0,0,0
3,3,0,0.0
4,4,0,0.0
4,4,0,0.0
5,3,2,0.4
0,0,0,0
6,4,2,0.3333333333333333
3,3,0,0.0
0,0,0,0
0,0,0,0
6,5,1,0.16666666666666666
0,0,0,0
5,4,1,0.2
2,2,0,0.0
0,0,0,0
0,0,0,0
0,0,0,0
2,1,1,0.5
0,0,0,0
0,0,0,0
0,0,0,0
1,1,0,0.0
0,0,0,0
0,0,0,0
1,1,0,0.0
0,0,0,0
0,0,0,0
7,6,1,0.14285714285714285
0,0,0,0
4,4,0,0.0
0,0,0,0
6,6,0,0.0
1,1,0,0.0
0,0,0,0
0,0,0,0
4,4,0,0.0
2,2,0,0.0
0,0,0,0
2,2,0,0.0
1,0,1,1.0
1,1,0,0.0
1,1,0,0.0
0,0,0,0
1,0,1,1.0
0,0,0,0
0,0,0,0
0,0,0,0
0,0,0,0
2,2,0,0.0
0,0,0,0
1,1,0,0.0
0,0,0,0
0,0,0,0
0,0,0,0
0,0,0,0
1,1,0,0.0
3,2,1,0.3333333333333333
2,2,0,0.0
0,0,0,0
4,4,0,0.0
5,5,0,0.0
7,7,0,0.0
1,1,0,0.0
6,6,0,0.0
0,0,0,0
1,1,0,0.0
7,7,0,0.0
1,1,0,0.0
0,0,0,0
4,4,0,0.0
6,5,1,0.16666666666666666
0,0,0,0
0,0,0,0
0,0,0,0
0,0,0,0
2,1,1,0.5
3,3,0,0.0
6,6,0,0.0
0,0,0,0
1,1,0,0.0
0,0,0,0
7,7,0,0.0
4,4,0,0.0
0,0,0,0
0,0,0,0
0,0,0,0
6,6,0,0.0
2,2,0,0.0
0,0,0,0
1,1,0,0.0
1,0,1,1.0
0,0,0,0
0,0,0,0
3,1,2,0.6666666666666666
0,0,0,0
5,3,2,0.4
0,0,0,0
5,5,0,0.0
3,2,1,0.3333333333333333
6,6,0,0.0
3,3,0,0.0
5,4,1,0.2
4,2,2,0.5
4,4,0,0.0
2,0,2,1.0
0,0,0,0
1,1,0,0.0
0,0,0,0
0,0,0,0
0,0,0,0
3,3,0,0.0
2,1,1,0.5
1,0,1,1.0
6,6,0,0.0
0,0,0,0
0,0,0,0
8,8,0,0.0
3,3,0,0.0
0,0,0,0
0,0,0,0
0,0,0,0
1,1,0,0.0
2,0,2,1.0
1,1,0,0.0
9,9,0,0.0
2,1,1,0.5
0,0,0,0
1,0,1,1.0
1,1,0,0.0
0,0,0,0
3,3,0,0.0
4,4,0,0.0
1,0,1,1.0
4,4,0,0.0
2,2,0,0.0
0,0,0,0
0,0,0,0
5,3,2,0.4
0,0,0,0
1,0,1,1.0
4,4,0,0.0
0,0,0,0
0,0,0,0
1,1,0,0.0
0,0,0,0
2,2,0,0.0
0,0,0,0
0,0,0,0
1,0,1,1.0
0,0,0,0
1,1,0,0.0
0,0,0,0
0,0,0,0
0,0,0,0
1,0,1,1.0
0,0,0,0
1,1,0,0.0
0,0,0,0
3,3,0,0.0
5,4,1,0.2
0,0,0,0
4,3,1,0.25
3,3,0,0.0
0,0,0,0
0,0,0,0
0,0,0,0
8,8,0,0.0
0,0,0,0
0,0,0,0
2,2,0,0.0
4,4,0,0.0
1,1,0,0.0
5,4,1,0.2
0,0,0,0
1,1,0,0.0
0,0,0,0
1,0,1,1.0
0,0,0,0
0,0,0,0
0,0,0,0
5,2,3,0.6
1,1,0,0.0
1,1,0,0.0
0,0,0,0
0,0,0,0
4,3,1,0.25
0,0,0,0
3,1,2,0.6666666666666666
2,2,0,0.0
0,0,0,0
0,0,0,0
9,9,0,0.0
2,1,1,0.5
1,1,0,0.0
3,1,2,0.6666666666666666
5,4,1,0.2
2,1,1,0.5
0,0,0,0
4,2,2,0.5
1,1,0,0.0
3,2,1,0.3333333333333333
6,4,2,0.3333333333333333
2,2,0,0.0
0,0,0,0
2,2,0,0.0
2,1,1,0.5
3,3,0,0.0
1,0,1,1.0
5,5,0,0.0
1,0,1,1.0
0,0,0,0
0,0,0,0
2,1,1,0.5
2,2,0,0.0
0,0,0,0
0,0,0,0
0,0,0,0
1,1,0,0.0
0,0,0,0
0,0,0,0
10,9,1,0.1
4,3,1,0.25
0,0,0,0
0,0,0,0
0,0,0,0
6,4,2,0.3333333333333333
0,0,0,0
1,1,0,0.0
0,0,0,0
1,1,0,0.0
0,0,0,0
3,2,1,0.3333333333333333
2,2,0,0.0
1,1,0,0.0
0,0,0,0
0,0,0,0
0,0,0,0
3,3,0,0.0
2,2,0,0.0
2,2,0,0.0
5,5,0,0.0
1,1,0,0.0
2,2,0,0.0
0,0,0,0
3,3,0,0.0
0,0,0,0
0,0,0,0
0,0,0,0
2,2,0,0.0
3,2,1,0.3333333333333333
0,0,0,0
3,2,1,0.3333333333333333
0,0,0,0
2,2,0,0.0
6,6,0,0.0
5,3,2,0.4
0,0,0,0
8,8,0,0.0
3,3,0,0.0
4,3,1,0.25
2,1,1,0.5
2,2,0,0.0
1,1,0,0.0
4,4,0,0.0
3,3,0,0.0
4,2,2,0.5
5,5,0,0.0
0,0,0,0
0,0,0,0
3,3,0,0.0
0,0,0,0
2,2,0,0.0
1,1,0,0.0
0,0,0,0
0,0,0,0
2,2,0,0.0
0,0,0,0
2,2,0,0.0
0,0,0,0
0,0,0,0
1,1,0,0.0
2,2,0,0.0
0,0,0,0
0,0,0,0
8,7,1,0.125
1,1,0,0.0
4,4,0,0.0
3,1,2,0.6666666666666666
0,0,0,0
0,0,0,0
0,0,0,0
2,1,1,0.5
0,0,0,0
5,3,2,0.4
0,0,0,0
0,0,0,0
0,0,0,0
1,0,1,1.0
1,1,0,0.0
0,0,0,0
3,2,1,0.3333333333333333
2,0,2,1.0
1,1,0,0.0
3,3,0,0.0
0,0,0,0
0,0,0,0
0,0,0,0
0,0,0,0
0,0,0,0
0,0,0,0
2,1,1,0.5
3,2,1,0.3333333333333333
2,2,0,0.0
0,0,0,0
0,0,0,0
0,0,0,0
0,0,0,0
6,6,0,0.0
1,0,1,1.0
0,0,0,0
2,2,0,0.0
4,4,0,0.0
0,0,0,0
0,0,0,0
2,1,1,0.5
0,0,0,0
3,3,0,0.0
0,0,0,0
1,0,1,1.0
2,2,0,0.0
4,2,2,0.5
2,2,0,0.0
3,3,0,0.0
0,0,0,0
0,0,0,0
3,3,0,0.0
0,0,0,0
1,0,1,1.0
5,2,3,0.6
0,0,0,0
0,0,0,0
2,2,0,0.0
1,1,0,0.0
4,4,0,0.0
1,1,0,0.0
1,1,0,0.0
0,0,0,0
2,1,1,0.5
0,0,0,0
3,3,0,0.0
0,0,0,0
0,0,0,0
1,1,0,0.0
0,0,0,0
2,2,0,0.0
9,9,0,0.0
0,0,0,0
7,6,1,0.14285714285714285
0,0,0,0
0,0,0,0
0,0,0,0
2,2,0,0.0
1,1,0,0.0
0,0,0,0
0,0,0,0
0,0,0,0
2,2,0,0.0
0,0,0,0
5,5,0,0.0
0,0,0,0
3,3,0,0.0
3,3,0,0.0
2,2,0,0.0
0,0,0,0
3,3,0,0.0
1,1,0,0.0
0,0,0,0
0,0,0,0
0,0,0,0
2,2,0,0.0
0,0,0,0
4,4,0,0.0
0,0,0,0
2,2,0,0.0
1,1,0,0.0
1,1,0,0.0
0,0,0,0
6,5,1,0.16666666666666666
0,0,0,0
3,3,0,0.0
8,7,1,0.125
0,0,0,0
0,0,0,0
0,0,0,0
0,0,0,0
0,0,0,0
1,1,0,0.0
0,0,0,0
1,0,1,1.0
0,0,0,0
0,0,0,0
1,1,0,0.0
0,0,0,0
0,0,0,0
1,0,1,1.0
10,9,1,0.1
0,0,0,0
5,5,0,0.0
7,6,1,0.14285714285714285
1,1,0,0.0
6,6,0,0.0
6,5,1,0.16666666666666666
0,0,0,0
0,0,0,0
2,2,0,0.0
0,0,0,0
3,2,1,0.3333333333333333
6,6,0,0.0
0,0,0,0
1,1,0,0.0
5,5,0,0.0
2,1,1,0.5
0,0,0,0
6,4,2,0.3333333333333333
9,8,1,0.1111111111111111
0,0,0,0
3,3,0,0.0
4,4,0,0.0
1,1,0,0.0
0,0,0,0
1,1,0,0.0
5,4,1,0.2
0,0,0,0
0,0,0,0
1,1,0,0.0
0,0,0,0
1,1,0,0.0
4,3,1,0.25
4,3,1,0.25
0,0,0,0
4,3,1,0.25
0,0,0,0
0,0,0,0
0,0,0,0
0,0,0,0
4,4,0,0.0
3,3,0,0.0
0,0,0,0
1,1,0,0.0
1,1,0,0.0
9,9,0,0.0
0,0,0,0
1,1,0,0.0
7,6,1,0.14285714285714285
2,1,1,0.5
2,2,0,0.0
0,0,0,0
0,0,0,0
4,3,1,0.25
1,0,1,1.0
4,4,0,0.0
1,0,1,1.0
0,0,0,0
1,1,0,0.0
2,2,0,0.0
5,4,1,0.2
0,0,0,0
1,1,0,0.0
0,0,0,0
0,0,0,0
4,3,1,0.25
0,0,0,0
0,0,0,0
2,1,1,0.5
0,0,0,0
4,4,0,0.0
5,4,1,0.2
1,0,1,1.0
3,2,1,0.3333333333333333
0,0,0,0
3,3,0,0.0
0,0,0,0
0,0,0,0
0,0,0,0
5,5,0,0.0
1,1,0,0.0
0,0,0,0
0,0,0,0
0,0,0,0
2,2,0,0.0
0,0,0,0
0,0,0,0
1,0,1,1.0
6,5,1,0.16666666666666666
3,2,1,0.3333333333333333
0,0,0,0
1,1,0,0.0
0,0,0,0
5,5,0,0.0
1,1,0,0.0
1,1,0,0.0
0,0,0,0
0,0,0,0
0,0,0,0
0,0,0,0
0,0,0,0
0,0,0,0
0,0,0,0
6,6,0,0.0
1,0,1,1.0
0,0,0,0
0,0,0,0
0,0,0,0
2,1,1,0.5
0,0,0,0
1,0,1,1.0
1,1,0,0.0
0,0,0,0
4,4,0,0.0
1,1,0,0.0
1,1,0,0.0
0,0,0,0
1,1,0,0.0
2,2,0,0.0
0,0,0,0
6,5,1,0.16666666666666666
0,0,0,0
2,2,0,0.0
8,7,1,0.125
7,7,0,0.0
0,0,0,0
0,0,0,0
1,1,0,0.0
0,0,0,0
4,3,1,0.25
0,0,0,0
0,0,0,0
0,0,0,0
2,1,1,0.5
2,2,0,0.0
1,1,0,0.0
1,1,0,0.0
0,0,0,0
0,0,0,0
3,3,0,0.0
0,0,0,0
4,3,1,0.25
0,0,0,0
0,0,0,0
4,4,0,0.0
0,0,0,0
1,1,0,0.0
4,2,2,0.5
0,0,0,0
1,1,0,0.0
0,0,0,0
4,1,3,0.75
3,1,2,0.6666666666666666
8,8,0,0.0
5,5,0,0.0
0,0,0,0
1,1,0,0.0
1,1,0,0.0
0,0,0,0
0,0,0,0
0,0,0,0
0,0,0,0
0,0,0,0
2,2,0,0.0
4,4,0,0.0
6,5,1,0.16666666666666666
4,3,1,0.25
0,0,0,0
3,3,0,0.0
4,4,0,0.0
1,0,1,1.0
2,2,0,0.0
6,6,0,0.0
1,1,0,0.0
0,0,0,0
0,0,0,0
0,0,0,0
0,0,0,0
1,1,0,0.0
2,2,0,0.0
0,0,0,0
0,0,0,0
3,3,0,0.0
1,0,1,1.0
4,4,0,0.0
0,0,0,0
3,3,0,0.0
5,4,1,0.2
1,1,0,0.0
4,2,2,0.5
1,1,0,0.0
1,1,0,0.0
4,4,0,0.0
3,3,0,0.0
3,3,0,0.0
1,1,0,0.0
1,1,0,0.0
5,5,0,0.0
0,0,0,0
0,0,0,0
3,3,0,0.0
2,1,1,0.5
1,1,0,0.0
0,0,0,0
0,0,0,0
1,1,0,0.0
5,5,0,0.0
1,1,0,0.0
3,3,0,0.0
0,0,0,0
1,1,0,0.0
0,0,0,0
0,0,0,0
4,4,0,0.0
0,0,0,0
3,1,2,0.6666666666666666
0,0,0,0
0,0,0,0
0,0,0,0
0,0,0,0
3,3,0,0.0
0,0,0,0
1,0,1,1.0
0,0,0,0
0,0,0,0
3,1,2,0.6666666666666666
average relative difference 10.5%
